﻿<?xml version="1.0" encoding="utf-8"?>
<abapGit version="v1.0.0" serializer="LCL_OBJECT_CLAS" serializer_version="v1.0.0">
 <asx:abap xmlns:asx="http://www.sap.com/abapxml" version="1.0">
  <asx:values>
   <VSEOCLASS>
    <CLSNAME>ZCL_ZRS_3FUNNELTOOL_UI_MPC</CLSNAME>
    <LANGU>E</LANGU>
    <DESCRIPT>ZCL_ZRS_3FUNNELTOOL_UI_MPC</DESCRIPT>
    <STATE>1</STATE>
    <CLSCCINCL>X</CLSCCINCL>
    <FIXPT>X</FIXPT>
    <UNICODE>X</UNICODE>
   </VSEOCLASS>
   <TPOOL>
    <item>
     <ID>I</ID>
     <KEY>003</KEY>
     <ENTRY>FLAG</ENTRY>
     <LENGTH>132</LENGTH>
    </item>
   </TPOOL>
   <I18N_TPOOL>
    <item>
     <LANGUAGE>D</LANGUAGE>
     <TEXTPOOL>
      <item>
       <ID>I</ID>
       <KEY>004</KEY>
       <ENTRY>boolsche Variable (X=true, -=false, space=unknown)</ENTRY>
       <LENGTH>132</LENGTH>
      </item>
      <item>
       <ID>I</ID>
       <KEY>005</KEY>
       <ENTRY>boolsche Variable (X=true, -=false, space=unknown)</ENTRY>
       <LENGTH>132</LENGTH>
      </item>
      <item>
       <ID>I</ID>
       <KEY>006</KEY>
       <ENTRY>boolsche Variable (X=true, -=false, space=unknown)</ENTRY>
       <LENGTH>132</LENGTH>
      </item>
      <item>
       <ID>I</ID>
       <KEY>007</KEY>
       <ENTRY>boolsche Variable (X=true, -=false, space=unknown)</ENTRY>
       <LENGTH>132</LENGTH>
      </item>
     </TEXTPOOL>
    </item>
   </I18N_TPOOL>
   <I18N_LINES>
    <item>
     <LANGUAGE>D</LANGUAGE>
    </item>
   </I18N_LINES>
   <DESCRIPTIONS>
    <SEOCOMPOTX>
     <CLSNAME>ZCL_ZRS_3FUNNELTOOL_UI_MPC</CLSNAME>
     <CMPNAME>DEFINE_ABRUFKOPF</CMPNAME>
     <LANGU>D</LANGU>
     <DESCRIPT>DEFINE_ABRUFKOPF</DESCRIPT>
    </SEOCOMPOTX>
    <SEOCOMPOTX>
     <CLSNAME>ZCL_ZRS_3FUNNELTOOL_UI_MPC</CLSNAME>
     <CMPNAME>DEFINE_ABRUFKOPF</CMPNAME>
     <LANGU>E</LANGU>
     <DESCRIPT>DEFINE_ABRUFKOPF</DESCRIPT>
    </SEOCOMPOTX>
    <SEOCOMPOTX>
     <CLSNAME>ZCL_ZRS_3FUNNELTOOL_UI_MPC</CLSNAME>
     <CMPNAME>DEFINE_ABRUFPOS</CMPNAME>
     <LANGU>D</LANGU>
     <DESCRIPT>DEFINE_ABRUFPOS</DESCRIPT>
    </SEOCOMPOTX>
    <SEOCOMPOTX>
     <CLSNAME>ZCL_ZRS_3FUNNELTOOL_UI_MPC</CLSNAME>
     <CMPNAME>DEFINE_ABRUFPOS</CMPNAME>
     <LANGU>E</LANGU>
     <DESCRIPT>DEFINE_ABRUFPOS</DESCRIPT>
    </SEOCOMPOTX>
    <SEOCOMPOTX>
     <CLSNAME>ZCL_ZRS_3FUNNELTOOL_UI_MPC</CLSNAME>
     <CMPNAME>DEFINE_ASSOCIATIONS</CMPNAME>
     <LANGU>D</LANGU>
     <DESCRIPT>DEFINE_ASSOCIATIONS</DESCRIPT>
    </SEOCOMPOTX>
    <SEOCOMPOTX>
     <CLSNAME>ZCL_ZRS_3FUNNELTOOL_UI_MPC</CLSNAME>
     <CMPNAME>DEFINE_ASSOCIATIONS</CMPNAME>
     <LANGU>E</LANGU>
     <DESCRIPT>DEFINE_ASSOCIATIONS</DESCRIPT>
    </SEOCOMPOTX>
    <SEOCOMPOTX>
     <CLSNAME>ZCL_ZRS_3FUNNELTOOL_UI_MPC</CLSNAME>
     <CMPNAME>DEFINE_BENUTZERROLLEN</CMPNAME>
     <LANGU>D</LANGU>
     <DESCRIPT>DEFINE_BENUTZERROLLEN</DESCRIPT>
    </SEOCOMPOTX>
    <SEOCOMPOTX>
     <CLSNAME>ZCL_ZRS_3FUNNELTOOL_UI_MPC</CLSNAME>
     <CMPNAME>DEFINE_BENUTZERROLLEN</CMPNAME>
     <LANGU>E</LANGU>
     <DESCRIPT>DEFINE_BENUTZERROLLEN</DESCRIPT>
    </SEOCOMPOTX>
    <SEOCOMPOTX>
     <CLSNAME>ZCL_ZRS_3FUNNELTOOL_UI_MPC</CLSNAME>
     <CMPNAME>DEFINE_KATALOGKATEGORIE</CMPNAME>
     <LANGU>D</LANGU>
     <DESCRIPT>DEFINE_KATALOGKATEGORIE</DESCRIPT>
    </SEOCOMPOTX>
    <SEOCOMPOTX>
     <CLSNAME>ZCL_ZRS_3FUNNELTOOL_UI_MPC</CLSNAME>
     <CMPNAME>DEFINE_KATALOGKATEGORIE</CMPNAME>
     <LANGU>E</LANGU>
     <DESCRIPT>DEFINE_KATALOGKATEGORIE</DESCRIPT>
    </SEOCOMPOTX>
    <SEOCOMPOTX>
     <CLSNAME>ZCL_ZRS_3FUNNELTOOL_UI_MPC</CLSNAME>
     <CMPNAME>DEFINE_KATALOGKOMPLEXITAT</CMPNAME>
     <LANGU>D</LANGU>
     <DESCRIPT>DEFINE_KATALOGKOMPLEXITAT</DESCRIPT>
    </SEOCOMPOTX>
    <SEOCOMPOTX>
     <CLSNAME>ZCL_ZRS_3FUNNELTOOL_UI_MPC</CLSNAME>
     <CMPNAME>DEFINE_KATALOGKOMPLEXITAT</CMPNAME>
     <LANGU>E</LANGU>
     <DESCRIPT>DEFINE_KATALOGKOMPLEXITAT</DESCRIPT>
    </SEOCOMPOTX>
    <SEOCOMPOTX>
     <CLSNAME>ZCL_ZRS_3FUNNELTOOL_UI_MPC</CLSNAME>
     <CMPNAME>DEFINE_KATALOGLIEFEROBJEKTE</CMPNAME>
     <LANGU>D</LANGU>
     <DESCRIPT>DEFINE_KATALOGLIEFEROBJEKTE</DESCRIPT>
    </SEOCOMPOTX>
    <SEOCOMPOTX>
     <CLSNAME>ZCL_ZRS_3FUNNELTOOL_UI_MPC</CLSNAME>
     <CMPNAME>DEFINE_KATALOGLIEFEROBJEKTE</CMPNAME>
     <LANGU>E</LANGU>
     <DESCRIPT>DEFINE_KATALOGLIEFEROBJEKTE</DESCRIPT>
    </SEOCOMPOTX>
    <SEOCOMPOTX>
     <CLSNAME>ZCL_ZRS_3FUNNELTOOL_UI_MPC</CLSNAME>
     <CMPNAME>DEFINE_KATALOGPREIS</CMPNAME>
     <LANGU>D</LANGU>
     <DESCRIPT>DEFINE_KATALOGPREIS</DESCRIPT>
    </SEOCOMPOTX>
    <SEOCOMPOTX>
     <CLSNAME>ZCL_ZRS_3FUNNELTOOL_UI_MPC</CLSNAME>
     <CMPNAME>DEFINE_KATALOGPREIS</CMPNAME>
     <LANGU>E</LANGU>
     <DESCRIPT>DEFINE_KATALOGPREIS</DESCRIPT>
    </SEOCOMPOTX>
    <SEOCOMPOTX>
     <CLSNAME>ZCL_ZRS_3FUNNELTOOL_UI_MPC</CLSNAME>
     <CMPNAME>DEFINE_MDARTIKEL</CMPNAME>
     <LANGU>D</LANGU>
     <DESCRIPT>DEFINE_MDARTIKEL</DESCRIPT>
    </SEOCOMPOTX>
    <SEOCOMPOTX>
     <CLSNAME>ZCL_ZRS_3FUNNELTOOL_UI_MPC</CLSNAME>
     <CMPNAME>DEFINE_MDARTIKEL</CMPNAME>
     <LANGU>E</LANGU>
     <DESCRIPT>DEFINE_MDARTIKEL</DESCRIPT>
    </SEOCOMPOTX>
    <SEOCOMPOTX>
     <CLSNAME>ZCL_ZRS_3FUNNELTOOL_UI_MPC</CLSNAME>
     <CMPNAME>DEFINE_PROJEKTDROPDOWNLISTE</CMPNAME>
     <LANGU>D</LANGU>
     <DESCRIPT>DEFINE_PROJEKTDROPDOWNLISTE</DESCRIPT>
    </SEOCOMPOTX>
    <SEOCOMPOTX>
     <CLSNAME>ZCL_ZRS_3FUNNELTOOL_UI_MPC</CLSNAME>
     <CMPNAME>DEFINE_PROJEKTDROPDOWNLISTE</CMPNAME>
     <LANGU>E</LANGU>
     <DESCRIPT>DEFINE_PROJEKTDROPDOWNLISTE</DESCRIPT>
    </SEOCOMPOTX>
    <SEOCOMPOTX>
     <CLSNAME>ZCL_ZRS_3FUNNELTOOL_UI_MPC</CLSNAME>
     <CMPNAME>DEFINE_REFERENZEINHEITWERT</CMPNAME>
     <LANGU>D</LANGU>
     <DESCRIPT>DEFINE_REFERENZEINHEITWERT</DESCRIPT>
    </SEOCOMPOTX>
    <SEOCOMPOTX>
     <CLSNAME>ZCL_ZRS_3FUNNELTOOL_UI_MPC</CLSNAME>
     <CMPNAME>DEFINE_REFERENZEINHEITWERT</CMPNAME>
     <LANGU>E</LANGU>
     <DESCRIPT>DEFINE_REFERENZEINHEITWERT</DESCRIPT>
    </SEOCOMPOTX>
    <SEOCOMPOTX>
     <CLSNAME>ZCL_ZRS_3FUNNELTOOL_UI_MPC</CLSNAME>
     <CMPNAME>DEFINE_REFERENZEINZELVERTRAG</CMPNAME>
     <LANGU>D</LANGU>
     <DESCRIPT>DEFINE_REFERENZEINZELVERTRAG</DESCRIPT>
    </SEOCOMPOTX>
    <SEOCOMPOTX>
     <CLSNAME>ZCL_ZRS_3FUNNELTOOL_UI_MPC</CLSNAME>
     <CMPNAME>DEFINE_REFERENZEINZELVERTRAG</CMPNAME>
     <LANGU>E</LANGU>
     <DESCRIPT>DEFINE_REFERENZEINZELVERTRAG</DESCRIPT>
    </SEOCOMPOTX>
    <SEOCOMPOTX>
     <CLSNAME>ZCL_ZRS_3FUNNELTOOL_UI_MPC</CLSNAME>
     <CMPNAME>DEFINE_REFERENZPROJECTABRUFSTA</CMPNAME>
     <LANGU>D</LANGU>
     <DESCRIPT>DEFINE_REFERENZPROJECTABRUFSTA</DESCRIPT>
    </SEOCOMPOTX>
    <SEOCOMPOTX>
     <CLSNAME>ZCL_ZRS_3FUNNELTOOL_UI_MPC</CLSNAME>
     <CMPNAME>DEFINE_REFERENZPROJECTABRUFSTA</CMPNAME>
     <LANGU>E</LANGU>
     <DESCRIPT>DEFINE_REFERENZPROJECTABRUFSTA</DESCRIPT>
    </SEOCOMPOTX>
    <SEOCOMPOTX>
     <CLSNAME>ZCL_ZRS_3FUNNELTOOL_UI_MPC</CLSNAME>
     <CMPNAME>DEFINE_ROLLE</CMPNAME>
     <LANGU>D</LANGU>
     <DESCRIPT>DEFINE_ROLLE</DESCRIPT>
    </SEOCOMPOTX>
    <SEOCOMPOTX>
     <CLSNAME>ZCL_ZRS_3FUNNELTOOL_UI_MPC</CLSNAME>
     <CMPNAME>DEFINE_ROLLE</CMPNAME>
     <LANGU>E</LANGU>
     <DESCRIPT>DEFINE_ROLLE</DESCRIPT>
    </SEOCOMPOTX>
    <SEOCOMPOTX>
     <CLSNAME>ZCL_ZRS_3FUNNELTOOL_UI_MPC</CLSNAME>
     <CMPNAME>DEFINE_SUCHEBENUTZER</CMPNAME>
     <LANGU>D</LANGU>
     <DESCRIPT>DEFINE_SUCHEBENUTZER</DESCRIPT>
    </SEOCOMPOTX>
    <SEOCOMPOTX>
     <CLSNAME>ZCL_ZRS_3FUNNELTOOL_UI_MPC</CLSNAME>
     <CMPNAME>DEFINE_SUCHEBENUTZER</CMPNAME>
     <LANGU>E</LANGU>
     <DESCRIPT>DEFINE_SUCHEBENUTZER</DESCRIPT>
    </SEOCOMPOTX>
    <SEOCOMPOTX>
     <CLSNAME>ZCL_ZRS_3FUNNELTOOL_UI_MPC</CLSNAME>
     <CMPNAME>DEFINE_VERRECHNUNG</CMPNAME>
     <LANGU>D</LANGU>
     <DESCRIPT>DEFINE_VERRECHNUNG</DESCRIPT>
    </SEOCOMPOTX>
    <SEOCOMPOTX>
     <CLSNAME>ZCL_ZRS_3FUNNELTOOL_UI_MPC</CLSNAME>
     <CMPNAME>DEFINE_VERRECHNUNG</CMPNAME>
     <LANGU>E</LANGU>
     <DESCRIPT>DEFINE_VERRECHNUNG</DESCRIPT>
    </SEOCOMPOTX>
    <SEOCOMPOTX>
     <CLSNAME>ZCL_ZRS_3FUNNELTOOL_UI_MPC</CLSNAME>
     <CMPNAME>DEFINE_VERRECHNUNGSELEMENTE</CMPNAME>
     <LANGU>D</LANGU>
     <DESCRIPT>DEFINE_VERRECHNUNGSELEMENTE</DESCRIPT>
    </SEOCOMPOTX>
    <SEOCOMPOTX>
     <CLSNAME>ZCL_ZRS_3FUNNELTOOL_UI_MPC</CLSNAME>
     <CMPNAME>DEFINE_VERRECHNUNGSELEMENTE</CMPNAME>
     <LANGU>E</LANGU>
     <DESCRIPT>DEFINE_VERRECHNUNGSELEMENTE</DESCRIPT>
    </SEOCOMPOTX>
    <SEOCOMPOTX>
     <CLSNAME>ZCL_ZRS_3FUNNELTOOL_UI_MPC</CLSNAME>
     <CMPNAME>DEFINE_VORHABEN</CMPNAME>
     <LANGU>D</LANGU>
     <DESCRIPT>DEFINE_VORHABEN</DESCRIPT>
    </SEOCOMPOTX>
    <SEOCOMPOTX>
     <CLSNAME>ZCL_ZRS_3FUNNELTOOL_UI_MPC</CLSNAME>
     <CMPNAME>DEFINE_VORHABEN</CMPNAME>
     <LANGU>E</LANGU>
     <DESCRIPT>DEFINE_VORHABEN</DESCRIPT>
    </SEOCOMPOTX>
    <SEOCOMPOTX>
     <CLSNAME>ZCL_ZRS_3FUNNELTOOL_UI_MPC</CLSNAME>
     <CMPNAME>DEFINE_VORHABENFORECAST</CMPNAME>
     <LANGU>D</LANGU>
     <DESCRIPT>DEFINE_VORHABENFORECAST</DESCRIPT>
    </SEOCOMPOTX>
    <SEOCOMPOTX>
     <CLSNAME>ZCL_ZRS_3FUNNELTOOL_UI_MPC</CLSNAME>
     <CMPNAME>DEFINE_VORHABENFORECAST</CMPNAME>
     <LANGU>E</LANGU>
     <DESCRIPT>DEFINE_VORHABENFORECAST</DESCRIPT>
    </SEOCOMPOTX>
    <SEOCOMPOTX>
     <CLSNAME>ZCL_ZRS_3FUNNELTOOL_UI_MPC</CLSNAME>
     <CMPNAME>LOAD_TEXT_ELEMENTS</CMPNAME>
     <LANGU>D</LANGU>
     <DESCRIPT>LOAD_TEXT_ELEMENTS</DESCRIPT>
    </SEOCOMPOTX>
    <SEOCOMPOTX>
     <CLSNAME>ZCL_ZRS_3FUNNELTOOL_UI_MPC</CLSNAME>
     <CMPNAME>LOAD_TEXT_ELEMENTS</CMPNAME>
     <LANGU>E</LANGU>
     <DESCRIPT>LOAD_TEXT_ELEMENTS</DESCRIPT>
    </SEOCOMPOTX>
   </DESCRIPTIONS>
  </asx:values>
 </asx:abap>
</abapGit>
