﻿<?xml version="1.0" encoding="utf-8"?>
<abapGit version="v1.0.0" serializer="LCL_OBJECT_CLAS" serializer_version="v1.0.0">
 <asx:abap xmlns:asx="http://www.sap.com/abapxml" version="1.0">
  <asx:values>
   <VSEOCLASS>
    <CLSNAME>ZCL_RS_3VORHABEN</CLSNAME>
    <LANGU>D</LANGU>
    <DESCRIPT>Funnel Tool - Project Utility Class</DESCRIPT>
    <STATE>1</STATE>
    <CLSCCINCL>X</CLSCCINCL>
    <FIXPT>X</FIXPT>
    <UNICODE>X</UNICODE>
   </VSEOCLASS>
   <DESCRIPTIONS>
    <SEOCOMPOTX>
     <CLSNAME>ZCL_RS_3VORHABEN</CLSNAME>
     <CMPNAME>CHECK_FORECAST</CMPNAME>
     <LANGU>D</LANGU>
     <DESCRIPT>Check if Forecast exists</DESCRIPT>
    </SEOCOMPOTX>
    <SEOCOMPOTX>
     <CLSNAME>ZCL_RS_3VORHABEN</CLSNAME>
     <CMPNAME>CONSTRUCTOR</CMPNAME>
     <LANGU>D</LANGU>
     <DESCRIPT>Constructor</DESCRIPT>
    </SEOCOMPOTX>
    <SEOCOMPOTX>
     <CLSNAME>ZCL_RS_3VORHABEN</CLSNAME>
     <CMPNAME>CONSTRUCTOR</CMPNAME>
     <LANGU>E</LANGU>
     <DESCRIPT>Constructor</DESCRIPT>
    </SEOCOMPOTX>
    <SEOCOMPOTX>
     <CLSNAME>ZCL_RS_3VORHABEN</CLSNAME>
     <CMPNAME>CREATE_PROJECT</CMPNAME>
     <LANGU>D</LANGU>
     <DESCRIPT>Create Project</DESCRIPT>
    </SEOCOMPOTX>
    <SEOCOMPOTX>
     <CLSNAME>ZCL_RS_3VORHABEN</CLSNAME>
     <CMPNAME>CREATE_PROJECT</CMPNAME>
     <LANGU>E</LANGU>
     <DESCRIPT>Create Project</DESCRIPT>
    </SEOCOMPOTX>
    <SEOCOMPOTX>
     <CLSNAME>ZCL_RS_3VORHABEN</CLSNAME>
     <CMPNAME>GENERATE_PROJECT_ID</CMPNAME>
     <LANGU>D</LANGU>
     <DESCRIPT>Generate Project ID</DESCRIPT>
    </SEOCOMPOTX>
    <SEOCOMPOTX>
     <CLSNAME>ZCL_RS_3VORHABEN</CLSNAME>
     <CMPNAME>GENERATE_PROJECT_ID</CMPNAME>
     <LANGU>E</LANGU>
     <DESCRIPT>Generate Project ID</DESCRIPT>
    </SEOCOMPOTX>
    <SEOCOMPOTX>
     <CLSNAME>ZCL_RS_3VORHABEN</CLSNAME>
     <CMPNAME>GET_ACCOUNTING_ELEMENT</CMPNAME>
     <LANGU>D</LANGU>
     <DESCRIPT>Get Accounting element</DESCRIPT>
    </SEOCOMPOTX>
    <SEOCOMPOTX>
     <CLSNAME>ZCL_RS_3VORHABEN</CLSNAME>
     <CMPNAME>GET_ACCOUNTING_ELEMENT</CMPNAME>
     <LANGU>E</LANGU>
     <DESCRIPT>Get Accounting element</DESCRIPT>
    </SEOCOMPOTX>
    <SEOCOMPOTX>
     <CLSNAME>ZCL_RS_3VORHABEN</CLSNAME>
     <CMPNAME>GET_ACCT_ELEM_TYPE_TEXT</CMPNAME>
     <LANGU>D</LANGU>
     <DESCRIPT>Get Accounting element type text</DESCRIPT>
    </SEOCOMPOTX>
    <SEOCOMPOTX>
     <CLSNAME>ZCL_RS_3VORHABEN</CLSNAME>
     <CMPNAME>GET_ACCT_ELEM_TYPE_TEXT</CMPNAME>
     <LANGU>E</LANGU>
     <DESCRIPT>Get Accounting element type text</DESCRIPT>
    </SEOCOMPOTX>
    <SEOCOMPOTX>
     <CLSNAME>ZCL_RS_3VORHABEN</CLSNAME>
     <CMPNAME>GET_ALL_PROJECTS</CMPNAME>
     <LANGU>D</LANGU>
     <DESCRIPT>Get All Project</DESCRIPT>
    </SEOCOMPOTX>
    <SEOCOMPOTX>
     <CLSNAME>ZCL_RS_3VORHABEN</CLSNAME>
     <CMPNAME>GET_ALL_PROJECTS</CMPNAME>
     <LANGU>E</LANGU>
     <DESCRIPT>Get All Project</DESCRIPT>
    </SEOCOMPOTX>
    <SEOCOMPOTX>
     <CLSNAME>ZCL_RS_3VORHABEN</CLSNAME>
     <CMPNAME>GET_ALL_PROJECTS_ASSIGNED</CMPNAME>
     <LANGU>D</LANGU>
     <DESCRIPT>Get All Project</DESCRIPT>
    </SEOCOMPOTX>
    <SEOCOMPOTX>
     <CLSNAME>ZCL_RS_3VORHABEN</CLSNAME>
     <CMPNAME>GET_ALL_PROJECTS_ASSIGNED</CMPNAME>
     <LANGU>E</LANGU>
     <DESCRIPT>Get All Project</DESCRIPT>
    </SEOCOMPOTX>
    <SEOCOMPOTX>
     <CLSNAME>ZCL_RS_3VORHABEN</CLSNAME>
     <CMPNAME>GET_ALL_STATUS</CMPNAME>
     <LANGU>D</LANGU>
     <DESCRIPT>Get All Project Status</DESCRIPT>
    </SEOCOMPOTX>
    <SEOCOMPOTX>
     <CLSNAME>ZCL_RS_3VORHABEN</CLSNAME>
     <CMPNAME>GET_ALL_STATUS</CMPNAME>
     <LANGU>E</LANGU>
     <DESCRIPT>Get All Project Status</DESCRIPT>
    </SEOCOMPOTX>
    <SEOCOMPOTX>
     <CLSNAME>ZCL_RS_3VORHABEN</CLSNAME>
     <CMPNAME>GET_DOMAIN_VALUES</CMPNAME>
     <LANGU>D</LANGU>
     <DESCRIPT>Get Domain Values</DESCRIPT>
    </SEOCOMPOTX>
    <SEOCOMPOTX>
     <CLSNAME>ZCL_RS_3VORHABEN</CLSNAME>
     <CMPNAME>GET_DOMAIN_VALUES</CMPNAME>
     <LANGU>E</LANGU>
     <DESCRIPT>Get Domain Values</DESCRIPT>
    </SEOCOMPOTX>
    <SEOCOMPOTX>
     <CLSNAME>ZCL_RS_3VORHABEN</CLSNAME>
     <CMPNAME>GET_EMAIL_ADDRESS</CMPNAME>
     <LANGU>D</LANGU>
     <DESCRIPT>Get Email address</DESCRIPT>
    </SEOCOMPOTX>
    <SEOCOMPOTX>
     <CLSNAME>ZCL_RS_3VORHABEN</CLSNAME>
     <CMPNAME>GET_EMAIL_ADDRESS</CMPNAME>
     <LANGU>E</LANGU>
     <DESCRIPT>Get Email address</DESCRIPT>
    </SEOCOMPOTX>
    <SEOCOMPOTX>
     <CLSNAME>ZCL_RS_3VORHABEN</CLSNAME>
     <CMPNAME>GET_NAME</CMPNAME>
     <LANGU>D</LANGU>
     <DESCRIPT>Get Name from User ID</DESCRIPT>
    </SEOCOMPOTX>
    <SEOCOMPOTX>
     <CLSNAME>ZCL_RS_3VORHABEN</CLSNAME>
     <CMPNAME>GET_NAME</CMPNAME>
     <LANGU>E</LANGU>
     <DESCRIPT>Get Name from User ID</DESCRIPT>
    </SEOCOMPOTX>
    <SEOCOMPOTX>
     <CLSNAME>ZCL_RS_3VORHABEN</CLSNAME>
     <CMPNAME>GET_PROJECT_DETAILS</CMPNAME>
     <LANGU>D</LANGU>
     <DESCRIPT>Get Project Details</DESCRIPT>
    </SEOCOMPOTX>
    <SEOCOMPOTX>
     <CLSNAME>ZCL_RS_3VORHABEN</CLSNAME>
     <CMPNAME>GET_PROJECT_DETAILS</CMPNAME>
     <LANGU>E</LANGU>
     <DESCRIPT>Get Project Details</DESCRIPT>
    </SEOCOMPOTX>
    <SEOCOMPOTX>
     <CLSNAME>ZCL_RS_3VORHABEN</CLSNAME>
     <CMPNAME>GET_ROLE</CMPNAME>
     <LANGU>D</LANGU>
     <DESCRIPT>Get Role</DESCRIPT>
    </SEOCOMPOTX>
    <SEOCOMPOTX>
     <CLSNAME>ZCL_RS_3VORHABEN</CLSNAME>
     <CMPNAME>GET_ROLE</CMPNAME>
     <LANGU>E</LANGU>
     <DESCRIPT>Get Role</DESCRIPT>
    </SEOCOMPOTX>
    <SEOCOMPOTX>
     <CLSNAME>ZCL_RS_3VORHABEN</CLSNAME>
     <CMPNAME>GET_STATUS</CMPNAME>
     <LANGU>D</LANGU>
     <DESCRIPT>Get Next Project Status</DESCRIPT>
    </SEOCOMPOTX>
    <SEOCOMPOTX>
     <CLSNAME>ZCL_RS_3VORHABEN</CLSNAME>
     <CMPNAME>GET_STATUS</CMPNAME>
     <LANGU>E</LANGU>
     <DESCRIPT>Get Next Project Status</DESCRIPT>
    </SEOCOMPOTX>
    <SEOCOMPOTX>
     <CLSNAME>ZCL_RS_3VORHABEN</CLSNAME>
     <CMPNAME>GET_STATUS_TEXT</CMPNAME>
     <LANGU>D</LANGU>
     <DESCRIPT>Get Project Status Text</DESCRIPT>
    </SEOCOMPOTX>
    <SEOCOMPOTX>
     <CLSNAME>ZCL_RS_3VORHABEN</CLSNAME>
     <CMPNAME>GET_STATUS_TEXT</CMPNAME>
     <LANGU>E</LANGU>
     <DESCRIPT>Get Project Status Text</DESCRIPT>
    </SEOCOMPOTX>
    <SEOCOMPOTX>
     <CLSNAME>ZCL_RS_3VORHABEN</CLSNAME>
     <CMPNAME>GET_USER_LIST</CMPNAME>
     <LANGU>D</LANGU>
     <DESCRIPT>Get User List</DESCRIPT>
    </SEOCOMPOTX>
    <SEOCOMPOTX>
     <CLSNAME>ZCL_RS_3VORHABEN</CLSNAME>
     <CMPNAME>GET_USER_LIST</CMPNAME>
     <LANGU>E</LANGU>
     <DESCRIPT>Get User List</DESCRIPT>
    </SEOCOMPOTX>
    <SEOCOMPOTX>
     <CLSNAME>ZCL_RS_3VORHABEN</CLSNAME>
     <CMPNAME>GS_PROJECT_DETAILS</CMPNAME>
     <LANGU>D</LANGU>
     <DESCRIPT>Project</DESCRIPT>
    </SEOCOMPOTX>
    <SEOCOMPOTX>
     <CLSNAME>ZCL_RS_3VORHABEN</CLSNAME>
     <CMPNAME>GS_PROJECT_DETAILS</CMPNAME>
     <LANGU>E</LANGU>
     <DESCRIPT>Project</DESCRIPT>
    </SEOCOMPOTX>
    <SEOCOMPOTX>
     <CLSNAME>ZCL_RS_3VORHABEN</CLSNAME>
     <CMPNAME>GS_ROLE</CMPNAME>
     <LANGU>D</LANGU>
     <DESCRIPT>Benutzerrollen Struktur</DESCRIPT>
    </SEOCOMPOTX>
    <SEOCOMPOTX>
     <CLSNAME>ZCL_RS_3VORHABEN</CLSNAME>
     <CMPNAME>GS_SENDER_EMAIL</CMPNAME>
     <LANGU>D</LANGU>
     <DESCRIPT>E-Mail-Adresse</DESCRIPT>
    </SEOCOMPOTX>
    <SEOCOMPOTX>
     <CLSNAME>ZCL_RS_3VORHABEN</CLSNAME>
     <CMPNAME>GS_SENDER_EMAIL</CMPNAME>
     <LANGU>E</LANGU>
     <DESCRIPT>E-Mail-Adresse</DESCRIPT>
    </SEOCOMPOTX>
    <SEOCOMPOTX>
     <CLSNAME>ZCL_RS_3VORHABEN</CLSNAME>
     <CMPNAME>SEND_EMAIL</CMPNAME>
     <LANGU>D</LANGU>
     <DESCRIPT>Send email</DESCRIPT>
    </SEOCOMPOTX>
    <SEOCOMPOTX>
     <CLSNAME>ZCL_RS_3VORHABEN</CLSNAME>
     <CMPNAME>SEND_EMAIL</CMPNAME>
     <LANGU>E</LANGU>
     <DESCRIPT>Send email</DESCRIPT>
    </SEOCOMPOTX>
    <SEOCOMPOTX>
     <CLSNAME>ZCL_RS_3VORHABEN</CLSNAME>
     <CMPNAME>UPDATE_PROJECT</CMPNAME>
     <LANGU>D</LANGU>
     <DESCRIPT>Update Project</DESCRIPT>
    </SEOCOMPOTX>
    <SEOCOMPOTX>
     <CLSNAME>ZCL_RS_3VORHABEN</CLSNAME>
     <CMPNAME>UPDATE_PROJECT</CMPNAME>
     <LANGU>E</LANGU>
     <DESCRIPT>Update Project</DESCRIPT>
    </SEOCOMPOTX>
    <SEOCOMPOTX>
     <CLSNAME>ZCL_RS_3VORHABEN</CLSNAME>
     <CMPNAME>VERIFY_USER</CMPNAME>
     <LANGU>D</LANGU>
     <DESCRIPT>Verify Username</DESCRIPT>
    </SEOCOMPOTX>
    <SEOCOMPOTX>
     <CLSNAME>ZCL_RS_3VORHABEN</CLSNAME>
     <CMPNAME>VERIFY_USER</CMPNAME>
     <LANGU>E</LANGU>
     <DESCRIPT>Verify Username</DESCRIPT>
    </SEOCOMPOTX>
   </DESCRIPTIONS>
  </asx:values>
 </asx:abap>
</abapGit>
