﻿<?xml version="1.0" encoding="utf-8"?>
<abapGit version="v1.0.0" serializer="LCL_OBJECT_CLAS" serializer_version="v1.0.0">
 <asx:abap xmlns:asx="http://www.sap.com/abapxml" version="1.0">
  <asx:values>
   <VSEOCLASS>
    <CLSNAME>ZCL_RS_3VORHABENFORECAST</CLSNAME>
    <LANGU>D</LANGU>
    <DESCRIPT>Trichtertool: Vorhaben Forecast</DESCRIPT>
    <STATE>1</STATE>
    <CLSCCINCL>X</CLSCCINCL>
    <FIXPT>X</FIXPT>
    <UNICODE>X</UNICODE>
   </VSEOCLASS>
   <DESCRIPTIONS>
    <SEOCOMPOTX>
     <CLSNAME>ZCL_RS_3VORHABENFORECAST</CLSNAME>
     <CMPNAME>CHECK_PROJ_HDR</CMPNAME>
     <LANGU>D</LANGU>
     <DESCRIPT>Check and update forecast values in Project header</DESCRIPT>
    </SEOCOMPOTX>
    <SEOCOMPOTX>
     <CLSNAME>ZCL_RS_3VORHABENFORECAST</CLSNAME>
     <CMPNAME>CHECK_PROJ_HDR</CMPNAME>
     <LANGU>E</LANGU>
     <DESCRIPT>Check and update forecast values in Project header</DESCRIPT>
    </SEOCOMPOTX>
    <SEOCOMPOTX>
     <CLSNAME>ZCL_RS_3VORHABENFORECAST</CLSNAME>
     <CMPNAME>CREATE_DATA</CMPNAME>
     <LANGU>D</LANGU>
     <DESCRIPT>Create entry in table ZRS_3TT_PROJFCST</DESCRIPT>
    </SEOCOMPOTX>
    <SEOCOMPOTX>
     <CLSNAME>ZCL_RS_3VORHABENFORECAST</CLSNAME>
     <CMPNAME>CREATE_DATA</CMPNAME>
     <LANGU>E</LANGU>
     <DESCRIPT>Create entry in table ZRS_3TT_PROJFCST</DESCRIPT>
    </SEOCOMPOTX>
    <SEOCOMPOTX>
     <CLSNAME>ZCL_RS_3VORHABENFORECAST</CLSNAME>
     <CMPNAME>CREATE_FORECAST</CMPNAME>
     <LANGU>D</LANGU>
     <DESCRIPT>create forecast during project creation/update</DESCRIPT>
    </SEOCOMPOTX>
    <SEOCOMPOTX>
     <CLSNAME>ZCL_RS_3VORHABENFORECAST</CLSNAME>
     <CMPNAME>CREATE_FORECAST</CMPNAME>
     <LANGU>E</LANGU>
     <DESCRIPT>create forecast during project creation/update</DESCRIPT>
    </SEOCOMPOTX>
    <SEOCOMPOTX>
     <CLSNAME>ZCL_RS_3VORHABENFORECAST</CLSNAME>
     <CMPNAME>GET_DATA</CMPNAME>
     <LANGU>D</LANGU>
     <DESCRIPT>Query from table ZRS_3TT_PROJFCST</DESCRIPT>
    </SEOCOMPOTX>
    <SEOCOMPOTX>
     <CLSNAME>ZCL_RS_3VORHABENFORECAST</CLSNAME>
     <CMPNAME>GET_DATA</CMPNAME>
     <LANGU>E</LANGU>
     <DESCRIPT>Query from table ZRS_3TT_PROJFCST</DESCRIPT>
    </SEOCOMPOTX>
    <SEOCOMPOTX>
     <CLSNAME>ZCL_RS_3VORHABENFORECAST</CLSNAME>
     <CMPNAME>MC_VERBINDER</CMPNAME>
     <LANGU>D</LANGU>
     <DESCRIPT>Komponente der Versionsnummer</DESCRIPT>
    </SEOCOMPOTX>
    <SEOCOMPOTX>
     <CLSNAME>ZCL_RS_3VORHABENFORECAST</CLSNAME>
     <CMPNAME>MC_VERBINDER</CMPNAME>
     <LANGU>E</LANGU>
     <DESCRIPT>Komponente der Versionsnummer</DESCRIPT>
    </SEOCOMPOTX>
    <SEOCOMPOTX>
     <CLSNAME>ZCL_RS_3VORHABENFORECAST</CLSNAME>
     <CMPNAME>RAISE_ERROR</CMPNAME>
     <LANGU>D</LANGU>
     <DESCRIPT>Raise error</DESCRIPT>
    </SEOCOMPOTX>
    <SEOCOMPOTX>
     <CLSNAME>ZCL_RS_3VORHABENFORECAST</CLSNAME>
     <CMPNAME>RAISE_ERROR</CMPNAME>
     <LANGU>E</LANGU>
     <DESCRIPT>Raise error</DESCRIPT>
    </SEOCOMPOTX>
    <SEOCOMPOTX>
     <CLSNAME>ZCL_RS_3VORHABENFORECAST</CLSNAME>
     <CMPNAME>READ_DATA</CMPNAME>
     <LANGU>D</LANGU>
     <DESCRIPT>Get entity from table ZRS_3TT_PROJFCST</DESCRIPT>
    </SEOCOMPOTX>
    <SEOCOMPOTX>
     <CLSNAME>ZCL_RS_3VORHABENFORECAST</CLSNAME>
     <CMPNAME>READ_DATA</CMPNAME>
     <LANGU>E</LANGU>
     <DESCRIPT>Get entity from table ZRS_3TT_PROJFCST</DESCRIPT>
    </SEOCOMPOTX>
    <SEOCOMPOTX>
     <CLSNAME>ZCL_RS_3VORHABENFORECAST</CLSNAME>
     <CMPNAME>TS_VORHABENFORECAST</CMPNAME>
     <LANGU>D</LANGU>
     <DESCRIPT>Trichtertool: Projekt Forecast</DESCRIPT>
    </SEOCOMPOTX>
    <SEOCOMPOTX>
     <CLSNAME>ZCL_RS_3VORHABENFORECAST</CLSNAME>
     <CMPNAME>UPDATE_DATA</CMPNAME>
     <LANGU>D</LANGU>
     <DESCRIPT>Update table ZRS_3TT_PROJFCST</DESCRIPT>
    </SEOCOMPOTX>
    <SEOCOMPOTX>
     <CLSNAME>ZCL_RS_3VORHABENFORECAST</CLSNAME>
     <CMPNAME>UPDATE_DATA</CMPNAME>
     <LANGU>E</LANGU>
     <DESCRIPT>Update table ZRS_3TT_PROJFCST</DESCRIPT>
    </SEOCOMPOTX>
   </DESCRIPTIONS>
  </asx:values>
 </asx:abap>
</abapGit>
