﻿<?xml version="1.0" encoding="utf-8"?>
<abapGit version="v1.0.0" serializer="LCL_OBJECT_CLAS" serializer_version="v1.0.0">
 <asx:abap xmlns:asx="http://www.sap.com/abapxml" version="1.0">
  <asx:values>
   <VSEOCLASS>
    <CLSNAME>ZCL_RS_3ABRUFSTATUS_LP5</CLSNAME>
    <LANGU>D</LANGU>
    <DESCRIPT>Trichtertool: Abruf Position Status for LP5</DESCRIPT>
    <STATE>1</STATE>
    <CLSCCINCL>X</CLSCCINCL>
    <FIXPT>X</FIXPT>
    <UNICODE>X</UNICODE>
   </VSEOCLASS>
   <DESCRIPTIONS>
    <SEOCOMPOTX>
     <CLSNAME>ZCL_RS_3ABRUFSTATUS_LP5</CLSNAME>
     <CMPNAME>GET_BILLING</CMPNAME>
     <LANGU>D</LANGU>
     <DESCRIPT>get billing values</DESCRIPT>
    </SEOCOMPOTX>
    <SEOCOMPOTX>
     <CLSNAME>ZCL_RS_3ABRUFSTATUS_LP5</CLSNAME>
     <CMPNAME>GET_KOPF_OLD</CMPNAME>
     <LANGU>D</LANGU>
     <DESCRIPT>Get current header call values</DESCRIPT>
    </SEOCOMPOTX>
    <SEOCOMPOTX>
     <CLSNAME>ZCL_RS_3ABRUFSTATUS_LP5</CLSNAME>
     <CMPNAME>GET_POS_OLD</CMPNAME>
     <LANGU>D</LANGU>
     <DESCRIPT>Get current abrufpos values</DESCRIPT>
    </SEOCOMPOTX>
    <SEOCOMPOTX>
     <CLSNAME>ZCL_RS_3ABRUFSTATUS_LP5</CLSNAME>
     <CMPNAME>GET_VORHABEN</CMPNAME>
     <LANGU>D</LANGU>
     <DESCRIPT>get project data</DESCRIPT>
    </SEOCOMPOTX>
    <SEOCOMPOTX>
     <CLSNAME>ZCL_RS_3ABRUFSTATUS_LP5</CLSNAME>
     <CMPNAME>PROCESS_STATUS_CHANGE</CMPNAME>
     <LANGU>D</LANGU>
     <DESCRIPT>process status change</DESCRIPT>
    </SEOCOMPOTX>
    <SEOCOMPOTX>
     <CLSNAME>ZCL_RS_3ABRUFSTATUS_LP5</CLSNAME>
     <CMPNAME>SET_EMAIL</CMPNAME>
     <LANGU>D</LANGU>
     <DESCRIPT>Set email config</DESCRIPT>
    </SEOCOMPOTX>
   </DESCRIPTIONS>
  </asx:values>
 </asx:abap>
</abapGit>
