﻿<?xml version="1.0" encoding="utf-8"?>
<abapGit version="v1.0.0" serializer="LCL_OBJECT_CLAS" serializer_version="v1.0.0">
 <asx:abap xmlns:asx="http://www.sap.com/abapxml" version="1.0">
  <asx:values>
   <VSEOCLASS>
    <CLSNAME>ZCL_ZRS_3FUNNELTOOL_UI_DPC</CLSNAME>
    <LANGU>E</LANGU>
    <DESCRIPT>Data Provider Base Class</DESCRIPT>
    <STATE>1</STATE>
    <CLSCCINCL>X</CLSCCINCL>
    <FIXPT>X</FIXPT>
    <UNICODE>X</UNICODE>
   </VSEOCLASS>
   <DESCRIPTIONS>
    <SEOCOMPOTX>
     <CLSNAME>ZCL_ZRS_3FUNNELTOOL_UI_DPC</CLSNAME>
     <CMPNAME>ABRUFKOPFSET_CREATE_ENTITY</CMPNAME>
     <LANGU>D</LANGU>
     <DESCRIPT>Zug. EntitätsmengName:  AbrufKopfSet</DESCRIPT>
    </SEOCOMPOTX>
    <SEOCOMPOTX>
     <CLSNAME>ZCL_ZRS_3FUNNELTOOL_UI_DPC</CLSNAME>
     <CMPNAME>ABRUFKOPFSET_CREATE_ENTITY</CMPNAME>
     <LANGU>E</LANGU>
     <DESCRIPT>Related EntitySet Name: AbrufKopfSet</DESCRIPT>
    </SEOCOMPOTX>
    <SEOCOMPOTX>
     <CLSNAME>ZCL_ZRS_3FUNNELTOOL_UI_DPC</CLSNAME>
     <CMPNAME>ABRUFKOPFSET_DELETE_ENTITY</CMPNAME>
     <LANGU>D</LANGU>
     <DESCRIPT>Zug. EntitätsmengName:  AbrufKopfSet</DESCRIPT>
    </SEOCOMPOTX>
    <SEOCOMPOTX>
     <CLSNAME>ZCL_ZRS_3FUNNELTOOL_UI_DPC</CLSNAME>
     <CMPNAME>ABRUFKOPFSET_DELETE_ENTITY</CMPNAME>
     <LANGU>E</LANGU>
     <DESCRIPT>Related EntitySet Name: AbrufKopfSet</DESCRIPT>
    </SEOCOMPOTX>
    <SEOCOMPOTX>
     <CLSNAME>ZCL_ZRS_3FUNNELTOOL_UI_DPC</CLSNAME>
     <CMPNAME>ABRUFKOPFSET_GET_ENTITY</CMPNAME>
     <LANGU>D</LANGU>
     <DESCRIPT>Zug. EntitätsmengName:  AbrufKopfSet</DESCRIPT>
    </SEOCOMPOTX>
    <SEOCOMPOTX>
     <CLSNAME>ZCL_ZRS_3FUNNELTOOL_UI_DPC</CLSNAME>
     <CMPNAME>ABRUFKOPFSET_GET_ENTITY</CMPNAME>
     <LANGU>E</LANGU>
     <DESCRIPT>Related EntitySet Name: AbrufKopfSet</DESCRIPT>
    </SEOCOMPOTX>
    <SEOCOMPOTX>
     <CLSNAME>ZCL_ZRS_3FUNNELTOOL_UI_DPC</CLSNAME>
     <CMPNAME>ABRUFKOPFSET_GET_ENTITYSET</CMPNAME>
     <LANGU>D</LANGU>
     <DESCRIPT>Zug. EntitätsmengName:  AbrufKopfSet</DESCRIPT>
    </SEOCOMPOTX>
    <SEOCOMPOTX>
     <CLSNAME>ZCL_ZRS_3FUNNELTOOL_UI_DPC</CLSNAME>
     <CMPNAME>ABRUFKOPFSET_GET_ENTITYSET</CMPNAME>
     <LANGU>E</LANGU>
     <DESCRIPT>Related EntitySet Name: AbrufKopfSet</DESCRIPT>
    </SEOCOMPOTX>
    <SEOCOMPOTX>
     <CLSNAME>ZCL_ZRS_3FUNNELTOOL_UI_DPC</CLSNAME>
     <CMPNAME>ABRUFKOPFSET_UPDATE_ENTITY</CMPNAME>
     <LANGU>D</LANGU>
     <DESCRIPT>Zug. EntitätsmengName:  AbrufKopfSet</DESCRIPT>
    </SEOCOMPOTX>
    <SEOCOMPOTX>
     <CLSNAME>ZCL_ZRS_3FUNNELTOOL_UI_DPC</CLSNAME>
     <CMPNAME>ABRUFKOPFSET_UPDATE_ENTITY</CMPNAME>
     <LANGU>E</LANGU>
     <DESCRIPT>Related EntitySet Name: AbrufKopfSet</DESCRIPT>
    </SEOCOMPOTX>
    <SEOCOMPOTX>
     <CLSNAME>ZCL_ZRS_3FUNNELTOOL_UI_DPC</CLSNAME>
     <CMPNAME>ABRUFPOSSET_CREATE_ENTITY</CMPNAME>
     <LANGU>D</LANGU>
     <DESCRIPT>Zug. EntitätsmengName:  AbrufPosSet</DESCRIPT>
    </SEOCOMPOTX>
    <SEOCOMPOTX>
     <CLSNAME>ZCL_ZRS_3FUNNELTOOL_UI_DPC</CLSNAME>
     <CMPNAME>ABRUFPOSSET_CREATE_ENTITY</CMPNAME>
     <LANGU>E</LANGU>
     <DESCRIPT>Related EntitySet Name: AbrufPosSet</DESCRIPT>
    </SEOCOMPOTX>
    <SEOCOMPOTX>
     <CLSNAME>ZCL_ZRS_3FUNNELTOOL_UI_DPC</CLSNAME>
     <CMPNAME>ABRUFPOSSET_DELETE_ENTITY</CMPNAME>
     <LANGU>D</LANGU>
     <DESCRIPT>Zug. EntitätsmengName:  AbrufPosSet</DESCRIPT>
    </SEOCOMPOTX>
    <SEOCOMPOTX>
     <CLSNAME>ZCL_ZRS_3FUNNELTOOL_UI_DPC</CLSNAME>
     <CMPNAME>ABRUFPOSSET_DELETE_ENTITY</CMPNAME>
     <LANGU>E</LANGU>
     <DESCRIPT>Related EntitySet Name: AbrufPosSet</DESCRIPT>
    </SEOCOMPOTX>
    <SEOCOMPOTX>
     <CLSNAME>ZCL_ZRS_3FUNNELTOOL_UI_DPC</CLSNAME>
     <CMPNAME>ABRUFPOSSET_GET_ENTITY</CMPNAME>
     <LANGU>D</LANGU>
     <DESCRIPT>Zug. EntitätsmengName:  AbrufPosSet</DESCRIPT>
    </SEOCOMPOTX>
    <SEOCOMPOTX>
     <CLSNAME>ZCL_ZRS_3FUNNELTOOL_UI_DPC</CLSNAME>
     <CMPNAME>ABRUFPOSSET_GET_ENTITY</CMPNAME>
     <LANGU>E</LANGU>
     <DESCRIPT>Related EntitySet Name: AbrufPosSet</DESCRIPT>
    </SEOCOMPOTX>
    <SEOCOMPOTX>
     <CLSNAME>ZCL_ZRS_3FUNNELTOOL_UI_DPC</CLSNAME>
     <CMPNAME>ABRUFPOSSET_GET_ENTITYSET</CMPNAME>
     <LANGU>D</LANGU>
     <DESCRIPT>Zug. EntitätsmengName:  AbrufPosSet</DESCRIPT>
    </SEOCOMPOTX>
    <SEOCOMPOTX>
     <CLSNAME>ZCL_ZRS_3FUNNELTOOL_UI_DPC</CLSNAME>
     <CMPNAME>ABRUFPOSSET_GET_ENTITYSET</CMPNAME>
     <LANGU>E</LANGU>
     <DESCRIPT>Related EntitySet Name: AbrufPosSet</DESCRIPT>
    </SEOCOMPOTX>
    <SEOCOMPOTX>
     <CLSNAME>ZCL_ZRS_3FUNNELTOOL_UI_DPC</CLSNAME>
     <CMPNAME>ABRUFPOSSET_UPDATE_ENTITY</CMPNAME>
     <LANGU>D</LANGU>
     <DESCRIPT>Zug. EntitätsmengName:  AbrufPosSet</DESCRIPT>
    </SEOCOMPOTX>
    <SEOCOMPOTX>
     <CLSNAME>ZCL_ZRS_3FUNNELTOOL_UI_DPC</CLSNAME>
     <CMPNAME>ABRUFPOSSET_UPDATE_ENTITY</CMPNAME>
     <LANGU>E</LANGU>
     <DESCRIPT>Related EntitySet Name: AbrufPosSet</DESCRIPT>
    </SEOCOMPOTX>
    <SEOCOMPOTX>
     <CLSNAME>ZCL_ZRS_3FUNNELTOOL_UI_DPC</CLSNAME>
     <CMPNAME>BENUTZERROLLENSE_CREATE_ENTITY</CMPNAME>
     <LANGU>D</LANGU>
     <DESCRIPT>Zug. EntitätsmengName:  BenutzerrollenSet</DESCRIPT>
    </SEOCOMPOTX>
    <SEOCOMPOTX>
     <CLSNAME>ZCL_ZRS_3FUNNELTOOL_UI_DPC</CLSNAME>
     <CMPNAME>BENUTZERROLLENSE_CREATE_ENTITY</CMPNAME>
     <LANGU>E</LANGU>
     <DESCRIPT>Related EntitySet Name: BenutzerrollenSet</DESCRIPT>
    </SEOCOMPOTX>
    <SEOCOMPOTX>
     <CLSNAME>ZCL_ZRS_3FUNNELTOOL_UI_DPC</CLSNAME>
     <CMPNAME>BENUTZERROLLENSE_DELETE_ENTITY</CMPNAME>
     <LANGU>D</LANGU>
     <DESCRIPT>Zug. EntitätsmengName:  BenutzerrollenSet</DESCRIPT>
    </SEOCOMPOTX>
    <SEOCOMPOTX>
     <CLSNAME>ZCL_ZRS_3FUNNELTOOL_UI_DPC</CLSNAME>
     <CMPNAME>BENUTZERROLLENSE_DELETE_ENTITY</CMPNAME>
     <LANGU>E</LANGU>
     <DESCRIPT>Related EntitySet Name: BenutzerrollenSet</DESCRIPT>
    </SEOCOMPOTX>
    <SEOCOMPOTX>
     <CLSNAME>ZCL_ZRS_3FUNNELTOOL_UI_DPC</CLSNAME>
     <CMPNAME>BENUTZERROLLENSE_GET_ENTITY</CMPNAME>
     <LANGU>D</LANGU>
     <DESCRIPT>Zug. EntitätsmengName:  BenutzerrollenSet</DESCRIPT>
    </SEOCOMPOTX>
    <SEOCOMPOTX>
     <CLSNAME>ZCL_ZRS_3FUNNELTOOL_UI_DPC</CLSNAME>
     <CMPNAME>BENUTZERROLLENSE_GET_ENTITY</CMPNAME>
     <LANGU>E</LANGU>
     <DESCRIPT>Related EntitySet Name: BenutzerrollenSet</DESCRIPT>
    </SEOCOMPOTX>
    <SEOCOMPOTX>
     <CLSNAME>ZCL_ZRS_3FUNNELTOOL_UI_DPC</CLSNAME>
     <CMPNAME>BENUTZERROLLENSE_GET_ENTITYSET</CMPNAME>
     <LANGU>D</LANGU>
     <DESCRIPT>Zug. EntitätsmengName:  BenutzerrollenSet</DESCRIPT>
    </SEOCOMPOTX>
    <SEOCOMPOTX>
     <CLSNAME>ZCL_ZRS_3FUNNELTOOL_UI_DPC</CLSNAME>
     <CMPNAME>BENUTZERROLLENSE_GET_ENTITYSET</CMPNAME>
     <LANGU>E</LANGU>
     <DESCRIPT>Related EntitySet Name: BenutzerrollenSet</DESCRIPT>
    </SEOCOMPOTX>
    <SEOCOMPOTX>
     <CLSNAME>ZCL_ZRS_3FUNNELTOOL_UI_DPC</CLSNAME>
     <CMPNAME>BENUTZERROLLENSE_UPDATE_ENTITY</CMPNAME>
     <LANGU>D</LANGU>
     <DESCRIPT>Zug. EntitätsmengName:  BenutzerrollenSet</DESCRIPT>
    </SEOCOMPOTX>
    <SEOCOMPOTX>
     <CLSNAME>ZCL_ZRS_3FUNNELTOOL_UI_DPC</CLSNAME>
     <CMPNAME>BENUTZERROLLENSE_UPDATE_ENTITY</CMPNAME>
     <LANGU>E</LANGU>
     <DESCRIPT>Related EntitySet Name: BenutzerrollenSet</DESCRIPT>
    </SEOCOMPOTX>
    <SEOCOMPOTX>
     <CLSNAME>ZCL_ZRS_3FUNNELTOOL_UI_DPC</CLSNAME>
     <CMPNAME>KATALOGKATEGORIE_CREATE_ENTITY</CMPNAME>
     <LANGU>D</LANGU>
     <DESCRIPT>Zug. EntitätsmengName:  KatalogKategorieSet</DESCRIPT>
    </SEOCOMPOTX>
    <SEOCOMPOTX>
     <CLSNAME>ZCL_ZRS_3FUNNELTOOL_UI_DPC</CLSNAME>
     <CMPNAME>KATALOGKATEGORIE_CREATE_ENTITY</CMPNAME>
     <LANGU>E</LANGU>
     <DESCRIPT>Related EntitySet Name: KatalogKategorieSet</DESCRIPT>
    </SEOCOMPOTX>
    <SEOCOMPOTX>
     <CLSNAME>ZCL_ZRS_3FUNNELTOOL_UI_DPC</CLSNAME>
     <CMPNAME>KATALOGKATEGORIE_DELETE_ENTITY</CMPNAME>
     <LANGU>D</LANGU>
     <DESCRIPT>Zug. EntitätsmengName:  KatalogKategorieSet</DESCRIPT>
    </SEOCOMPOTX>
    <SEOCOMPOTX>
     <CLSNAME>ZCL_ZRS_3FUNNELTOOL_UI_DPC</CLSNAME>
     <CMPNAME>KATALOGKATEGORIE_DELETE_ENTITY</CMPNAME>
     <LANGU>E</LANGU>
     <DESCRIPT>Related EntitySet Name: KatalogKategorieSet</DESCRIPT>
    </SEOCOMPOTX>
    <SEOCOMPOTX>
     <CLSNAME>ZCL_ZRS_3FUNNELTOOL_UI_DPC</CLSNAME>
     <CMPNAME>KATALOGKATEGORIE_GET_ENTITY</CMPNAME>
     <LANGU>D</LANGU>
     <DESCRIPT>Zug. EntitätsmengName:  KatalogKategorieSet</DESCRIPT>
    </SEOCOMPOTX>
    <SEOCOMPOTX>
     <CLSNAME>ZCL_ZRS_3FUNNELTOOL_UI_DPC</CLSNAME>
     <CMPNAME>KATALOGKATEGORIE_GET_ENTITY</CMPNAME>
     <LANGU>E</LANGU>
     <DESCRIPT>Related EntitySet Name: KatalogKategorieSet</DESCRIPT>
    </SEOCOMPOTX>
    <SEOCOMPOTX>
     <CLSNAME>ZCL_ZRS_3FUNNELTOOL_UI_DPC</CLSNAME>
     <CMPNAME>KATALOGKATEGORIE_GET_ENTITYSET</CMPNAME>
     <LANGU>D</LANGU>
     <DESCRIPT>Zug. EntitätsmengName:  KatalogKategorieSet</DESCRIPT>
    </SEOCOMPOTX>
    <SEOCOMPOTX>
     <CLSNAME>ZCL_ZRS_3FUNNELTOOL_UI_DPC</CLSNAME>
     <CMPNAME>KATALOGKATEGORIE_GET_ENTITYSET</CMPNAME>
     <LANGU>E</LANGU>
     <DESCRIPT>Related EntitySet Name: KatalogKategorieSet</DESCRIPT>
    </SEOCOMPOTX>
    <SEOCOMPOTX>
     <CLSNAME>ZCL_ZRS_3FUNNELTOOL_UI_DPC</CLSNAME>
     <CMPNAME>KATALOGKATEGORIE_UPDATE_ENTITY</CMPNAME>
     <LANGU>D</LANGU>
     <DESCRIPT>Zug. EntitätsmengName:  KatalogKategorieSet</DESCRIPT>
    </SEOCOMPOTX>
    <SEOCOMPOTX>
     <CLSNAME>ZCL_ZRS_3FUNNELTOOL_UI_DPC</CLSNAME>
     <CMPNAME>KATALOGKATEGORIE_UPDATE_ENTITY</CMPNAME>
     <LANGU>E</LANGU>
     <DESCRIPT>Related EntitySet Name: KatalogKategorieSet</DESCRIPT>
    </SEOCOMPOTX>
    <SEOCOMPOTX>
     <CLSNAME>ZCL_ZRS_3FUNNELTOOL_UI_DPC</CLSNAME>
     <CMPNAME>KATALOGKOMPLEXIT_CREATE_ENTITY</CMPNAME>
     <LANGU>D</LANGU>
     <DESCRIPT>Zug. EntitätsmengName:  KatalogKomplexitatSet</DESCRIPT>
    </SEOCOMPOTX>
    <SEOCOMPOTX>
     <CLSNAME>ZCL_ZRS_3FUNNELTOOL_UI_DPC</CLSNAME>
     <CMPNAME>KATALOGKOMPLEXIT_CREATE_ENTITY</CMPNAME>
     <LANGU>E</LANGU>
     <DESCRIPT>Related EntitySet Name: KatalogKomplexitatSet</DESCRIPT>
    </SEOCOMPOTX>
    <SEOCOMPOTX>
     <CLSNAME>ZCL_ZRS_3FUNNELTOOL_UI_DPC</CLSNAME>
     <CMPNAME>KATALOGKOMPLEXIT_DELETE_ENTITY</CMPNAME>
     <LANGU>D</LANGU>
     <DESCRIPT>Zug. EntitätsmengName:  KatalogKomplexitatSet</DESCRIPT>
    </SEOCOMPOTX>
    <SEOCOMPOTX>
     <CLSNAME>ZCL_ZRS_3FUNNELTOOL_UI_DPC</CLSNAME>
     <CMPNAME>KATALOGKOMPLEXIT_DELETE_ENTITY</CMPNAME>
     <LANGU>E</LANGU>
     <DESCRIPT>Related EntitySet Name: KatalogKomplexitatSet</DESCRIPT>
    </SEOCOMPOTX>
    <SEOCOMPOTX>
     <CLSNAME>ZCL_ZRS_3FUNNELTOOL_UI_DPC</CLSNAME>
     <CMPNAME>KATALOGKOMPLEXIT_GET_ENTITY</CMPNAME>
     <LANGU>D</LANGU>
     <DESCRIPT>Zug. EntitätsmengName:  KatalogKomplexitatSet</DESCRIPT>
    </SEOCOMPOTX>
    <SEOCOMPOTX>
     <CLSNAME>ZCL_ZRS_3FUNNELTOOL_UI_DPC</CLSNAME>
     <CMPNAME>KATALOGKOMPLEXIT_GET_ENTITY</CMPNAME>
     <LANGU>E</LANGU>
     <DESCRIPT>Related EntitySet Name: KatalogKomplexitatSet</DESCRIPT>
    </SEOCOMPOTX>
    <SEOCOMPOTX>
     <CLSNAME>ZCL_ZRS_3FUNNELTOOL_UI_DPC</CLSNAME>
     <CMPNAME>KATALOGKOMPLEXIT_GET_ENTITYSET</CMPNAME>
     <LANGU>D</LANGU>
     <DESCRIPT>Zug. EntitätsmengName:  KatalogKomplexitatSet</DESCRIPT>
    </SEOCOMPOTX>
    <SEOCOMPOTX>
     <CLSNAME>ZCL_ZRS_3FUNNELTOOL_UI_DPC</CLSNAME>
     <CMPNAME>KATALOGKOMPLEXIT_GET_ENTITYSET</CMPNAME>
     <LANGU>E</LANGU>
     <DESCRIPT>Related EntitySet Name: KatalogKomplexitatSet</DESCRIPT>
    </SEOCOMPOTX>
    <SEOCOMPOTX>
     <CLSNAME>ZCL_ZRS_3FUNNELTOOL_UI_DPC</CLSNAME>
     <CMPNAME>KATALOGKOMPLEXIT_UPDATE_ENTITY</CMPNAME>
     <LANGU>D</LANGU>
     <DESCRIPT>Zug. EntitätsmengName:  KatalogKomplexitatSet</DESCRIPT>
    </SEOCOMPOTX>
    <SEOCOMPOTX>
     <CLSNAME>ZCL_ZRS_3FUNNELTOOL_UI_DPC</CLSNAME>
     <CMPNAME>KATALOGKOMPLEXIT_UPDATE_ENTITY</CMPNAME>
     <LANGU>E</LANGU>
     <DESCRIPT>Related EntitySet Name: KatalogKomplexitatSet</DESCRIPT>
    </SEOCOMPOTX>
    <SEOCOMPOTX>
     <CLSNAME>ZCL_ZRS_3FUNNELTOOL_UI_DPC</CLSNAME>
     <CMPNAME>KATALOGLIEFEROBJ_CREATE_ENTITY</CMPNAME>
     <LANGU>D</LANGU>
     <DESCRIPT>Zug. EntitätsmengName:  KatalogLieferobjekteSet</DESCRIPT>
    </SEOCOMPOTX>
    <SEOCOMPOTX>
     <CLSNAME>ZCL_ZRS_3FUNNELTOOL_UI_DPC</CLSNAME>
     <CMPNAME>KATALOGLIEFEROBJ_CREATE_ENTITY</CMPNAME>
     <LANGU>E</LANGU>
     <DESCRIPT>Related EntitySet Name: KatalogLieferobjekteSet</DESCRIPT>
    </SEOCOMPOTX>
    <SEOCOMPOTX>
     <CLSNAME>ZCL_ZRS_3FUNNELTOOL_UI_DPC</CLSNAME>
     <CMPNAME>KATALOGLIEFEROBJ_DELETE_ENTITY</CMPNAME>
     <LANGU>D</LANGU>
     <DESCRIPT>Zug. EntitätsmengName:  KatalogLieferobjekteSet</DESCRIPT>
    </SEOCOMPOTX>
    <SEOCOMPOTX>
     <CLSNAME>ZCL_ZRS_3FUNNELTOOL_UI_DPC</CLSNAME>
     <CMPNAME>KATALOGLIEFEROBJ_DELETE_ENTITY</CMPNAME>
     <LANGU>E</LANGU>
     <DESCRIPT>Related EntitySet Name: KatalogLieferobjekteSet</DESCRIPT>
    </SEOCOMPOTX>
    <SEOCOMPOTX>
     <CLSNAME>ZCL_ZRS_3FUNNELTOOL_UI_DPC</CLSNAME>
     <CMPNAME>KATALOGLIEFEROBJ_GET_ENTITY</CMPNAME>
     <LANGU>D</LANGU>
     <DESCRIPT>Zug. EntitätsmengName:  KatalogLieferobjekteSet</DESCRIPT>
    </SEOCOMPOTX>
    <SEOCOMPOTX>
     <CLSNAME>ZCL_ZRS_3FUNNELTOOL_UI_DPC</CLSNAME>
     <CMPNAME>KATALOGLIEFEROBJ_GET_ENTITY</CMPNAME>
     <LANGU>E</LANGU>
     <DESCRIPT>Related EntitySet Name: KatalogLieferobjekteSet</DESCRIPT>
    </SEOCOMPOTX>
    <SEOCOMPOTX>
     <CLSNAME>ZCL_ZRS_3FUNNELTOOL_UI_DPC</CLSNAME>
     <CMPNAME>KATALOGLIEFEROBJ_GET_ENTITYSET</CMPNAME>
     <LANGU>D</LANGU>
     <DESCRIPT>Zug. EntitätsmengName:  KatalogLieferobjekteSet</DESCRIPT>
    </SEOCOMPOTX>
    <SEOCOMPOTX>
     <CLSNAME>ZCL_ZRS_3FUNNELTOOL_UI_DPC</CLSNAME>
     <CMPNAME>KATALOGLIEFEROBJ_GET_ENTITYSET</CMPNAME>
     <LANGU>E</LANGU>
     <DESCRIPT>Related EntitySet Name: KatalogLieferobjekteSet</DESCRIPT>
    </SEOCOMPOTX>
    <SEOCOMPOTX>
     <CLSNAME>ZCL_ZRS_3FUNNELTOOL_UI_DPC</CLSNAME>
     <CMPNAME>KATALOGLIEFEROBJ_UPDATE_ENTITY</CMPNAME>
     <LANGU>D</LANGU>
     <DESCRIPT>Zug. EntitätsmengName:  KatalogLieferobjekteSet</DESCRIPT>
    </SEOCOMPOTX>
    <SEOCOMPOTX>
     <CLSNAME>ZCL_ZRS_3FUNNELTOOL_UI_DPC</CLSNAME>
     <CMPNAME>KATALOGLIEFEROBJ_UPDATE_ENTITY</CMPNAME>
     <LANGU>E</LANGU>
     <DESCRIPT>Related EntitySet Name: KatalogLieferobjekteSet</DESCRIPT>
    </SEOCOMPOTX>
    <SEOCOMPOTX>
     <CLSNAME>ZCL_ZRS_3FUNNELTOOL_UI_DPC</CLSNAME>
     <CMPNAME>KATALOGPREISSET_CREATE_ENTITY</CMPNAME>
     <LANGU>D</LANGU>
     <DESCRIPT>Zug. EntitätsmengName:  KatalogPreisSet</DESCRIPT>
    </SEOCOMPOTX>
    <SEOCOMPOTX>
     <CLSNAME>ZCL_ZRS_3FUNNELTOOL_UI_DPC</CLSNAME>
     <CMPNAME>KATALOGPREISSET_CREATE_ENTITY</CMPNAME>
     <LANGU>E</LANGU>
     <DESCRIPT>Related EntitySet Name: KatalogPreisSet</DESCRIPT>
    </SEOCOMPOTX>
    <SEOCOMPOTX>
     <CLSNAME>ZCL_ZRS_3FUNNELTOOL_UI_DPC</CLSNAME>
     <CMPNAME>KATALOGPREISSET_DELETE_ENTITY</CMPNAME>
     <LANGU>D</LANGU>
     <DESCRIPT>Zug. EntitätsmengName:  KatalogPreisSet</DESCRIPT>
    </SEOCOMPOTX>
    <SEOCOMPOTX>
     <CLSNAME>ZCL_ZRS_3FUNNELTOOL_UI_DPC</CLSNAME>
     <CMPNAME>KATALOGPREISSET_DELETE_ENTITY</CMPNAME>
     <LANGU>E</LANGU>
     <DESCRIPT>Related EntitySet Name: KatalogPreisSet</DESCRIPT>
    </SEOCOMPOTX>
    <SEOCOMPOTX>
     <CLSNAME>ZCL_ZRS_3FUNNELTOOL_UI_DPC</CLSNAME>
     <CMPNAME>KATALOGPREISSET_GET_ENTITY</CMPNAME>
     <LANGU>D</LANGU>
     <DESCRIPT>Zug. EntitätsmengName:  KatalogPreisSet</DESCRIPT>
    </SEOCOMPOTX>
    <SEOCOMPOTX>
     <CLSNAME>ZCL_ZRS_3FUNNELTOOL_UI_DPC</CLSNAME>
     <CMPNAME>KATALOGPREISSET_GET_ENTITY</CMPNAME>
     <LANGU>E</LANGU>
     <DESCRIPT>Related EntitySet Name: KatalogPreisSet</DESCRIPT>
    </SEOCOMPOTX>
    <SEOCOMPOTX>
     <CLSNAME>ZCL_ZRS_3FUNNELTOOL_UI_DPC</CLSNAME>
     <CMPNAME>KATALOGPREISSET_GET_ENTITYSET</CMPNAME>
     <LANGU>D</LANGU>
     <DESCRIPT>Zug. EntitätsmengName:  KatalogPreisSet</DESCRIPT>
    </SEOCOMPOTX>
    <SEOCOMPOTX>
     <CLSNAME>ZCL_ZRS_3FUNNELTOOL_UI_DPC</CLSNAME>
     <CMPNAME>KATALOGPREISSET_GET_ENTITYSET</CMPNAME>
     <LANGU>E</LANGU>
     <DESCRIPT>Related EntitySet Name: KatalogPreisSet</DESCRIPT>
    </SEOCOMPOTX>
    <SEOCOMPOTX>
     <CLSNAME>ZCL_ZRS_3FUNNELTOOL_UI_DPC</CLSNAME>
     <CMPNAME>KATALOGPREISSET_UPDATE_ENTITY</CMPNAME>
     <LANGU>D</LANGU>
     <DESCRIPT>Zug. EntitätsmengName:  KatalogPreisSet</DESCRIPT>
    </SEOCOMPOTX>
    <SEOCOMPOTX>
     <CLSNAME>ZCL_ZRS_3FUNNELTOOL_UI_DPC</CLSNAME>
     <CMPNAME>KATALOGPREISSET_UPDATE_ENTITY</CMPNAME>
     <LANGU>E</LANGU>
     <DESCRIPT>Related EntitySet Name: KatalogPreisSet</DESCRIPT>
    </SEOCOMPOTX>
    <SEOCOMPOTX>
     <CLSNAME>ZCL_ZRS_3FUNNELTOOL_UI_DPC</CLSNAME>
     <CMPNAME>MDARTIKELSET_CREATE_ENTITY</CMPNAME>
     <LANGU>D</LANGU>
     <DESCRIPT>Zug. EntitätsmengName:  MDArtikelSet</DESCRIPT>
    </SEOCOMPOTX>
    <SEOCOMPOTX>
     <CLSNAME>ZCL_ZRS_3FUNNELTOOL_UI_DPC</CLSNAME>
     <CMPNAME>MDARTIKELSET_CREATE_ENTITY</CMPNAME>
     <LANGU>E</LANGU>
     <DESCRIPT>Related EntitySet Name: MDArtikelSet</DESCRIPT>
    </SEOCOMPOTX>
    <SEOCOMPOTX>
     <CLSNAME>ZCL_ZRS_3FUNNELTOOL_UI_DPC</CLSNAME>
     <CMPNAME>MDARTIKELSET_DELETE_ENTITY</CMPNAME>
     <LANGU>D</LANGU>
     <DESCRIPT>Zug. EntitätsmengName:  MDArtikelSet</DESCRIPT>
    </SEOCOMPOTX>
    <SEOCOMPOTX>
     <CLSNAME>ZCL_ZRS_3FUNNELTOOL_UI_DPC</CLSNAME>
     <CMPNAME>MDARTIKELSET_DELETE_ENTITY</CMPNAME>
     <LANGU>E</LANGU>
     <DESCRIPT>Related EntitySet Name: MDArtikelSet</DESCRIPT>
    </SEOCOMPOTX>
    <SEOCOMPOTX>
     <CLSNAME>ZCL_ZRS_3FUNNELTOOL_UI_DPC</CLSNAME>
     <CMPNAME>MDARTIKELSET_GET_ENTITY</CMPNAME>
     <LANGU>D</LANGU>
     <DESCRIPT>Zug. EntitätsmengName:  MDArtikelSet</DESCRIPT>
    </SEOCOMPOTX>
    <SEOCOMPOTX>
     <CLSNAME>ZCL_ZRS_3FUNNELTOOL_UI_DPC</CLSNAME>
     <CMPNAME>MDARTIKELSET_GET_ENTITY</CMPNAME>
     <LANGU>E</LANGU>
     <DESCRIPT>Related EntitySet Name: MDArtikelSet</DESCRIPT>
    </SEOCOMPOTX>
    <SEOCOMPOTX>
     <CLSNAME>ZCL_ZRS_3FUNNELTOOL_UI_DPC</CLSNAME>
     <CMPNAME>MDARTIKELSET_GET_ENTITYSET</CMPNAME>
     <LANGU>D</LANGU>
     <DESCRIPT>Zug. EntitätsmengName:  MDArtikelSet</DESCRIPT>
    </SEOCOMPOTX>
    <SEOCOMPOTX>
     <CLSNAME>ZCL_ZRS_3FUNNELTOOL_UI_DPC</CLSNAME>
     <CMPNAME>MDARTIKELSET_GET_ENTITYSET</CMPNAME>
     <LANGU>E</LANGU>
     <DESCRIPT>Related EntitySet Name: MDArtikelSet</DESCRIPT>
    </SEOCOMPOTX>
    <SEOCOMPOTX>
     <CLSNAME>ZCL_ZRS_3FUNNELTOOL_UI_DPC</CLSNAME>
     <CMPNAME>MDARTIKELSET_UPDATE_ENTITY</CMPNAME>
     <LANGU>D</LANGU>
     <DESCRIPT>Zug. EntitätsmengName:  MDArtikelSet</DESCRIPT>
    </SEOCOMPOTX>
    <SEOCOMPOTX>
     <CLSNAME>ZCL_ZRS_3FUNNELTOOL_UI_DPC</CLSNAME>
     <CMPNAME>MDARTIKELSET_UPDATE_ENTITY</CMPNAME>
     <LANGU>E</LANGU>
     <DESCRIPT>Related EntitySet Name: MDArtikelSet</DESCRIPT>
    </SEOCOMPOTX>
    <SEOCOMPOTX>
     <CLSNAME>ZCL_ZRS_3FUNNELTOOL_UI_DPC</CLSNAME>
     <CMPNAME>PROJEKTDROPDOWNL_CREATE_ENTITY</CMPNAME>
     <LANGU>D</LANGU>
     <DESCRIPT>Zug. EntitätsmengName:  ProjektDropdownListeSet</DESCRIPT>
    </SEOCOMPOTX>
    <SEOCOMPOTX>
     <CLSNAME>ZCL_ZRS_3FUNNELTOOL_UI_DPC</CLSNAME>
     <CMPNAME>PROJEKTDROPDOWNL_CREATE_ENTITY</CMPNAME>
     <LANGU>E</LANGU>
     <DESCRIPT>Related EntitySet Name: ProjektDropdownListeSet</DESCRIPT>
    </SEOCOMPOTX>
    <SEOCOMPOTX>
     <CLSNAME>ZCL_ZRS_3FUNNELTOOL_UI_DPC</CLSNAME>
     <CMPNAME>PROJEKTDROPDOWNL_DELETE_ENTITY</CMPNAME>
     <LANGU>D</LANGU>
     <DESCRIPT>Zug. EntitätsmengName:  ProjektDropdownListeSet</DESCRIPT>
    </SEOCOMPOTX>
    <SEOCOMPOTX>
     <CLSNAME>ZCL_ZRS_3FUNNELTOOL_UI_DPC</CLSNAME>
     <CMPNAME>PROJEKTDROPDOWNL_DELETE_ENTITY</CMPNAME>
     <LANGU>E</LANGU>
     <DESCRIPT>Related EntitySet Name: ProjektDropdownListeSet</DESCRIPT>
    </SEOCOMPOTX>
    <SEOCOMPOTX>
     <CLSNAME>ZCL_ZRS_3FUNNELTOOL_UI_DPC</CLSNAME>
     <CMPNAME>PROJEKTDROPDOWNL_GET_ENTITY</CMPNAME>
     <LANGU>D</LANGU>
     <DESCRIPT>Zug. EntitätsmengName:  ProjektDropdownListeSet</DESCRIPT>
    </SEOCOMPOTX>
    <SEOCOMPOTX>
     <CLSNAME>ZCL_ZRS_3FUNNELTOOL_UI_DPC</CLSNAME>
     <CMPNAME>PROJEKTDROPDOWNL_GET_ENTITY</CMPNAME>
     <LANGU>E</LANGU>
     <DESCRIPT>Related EntitySet Name: ProjektDropdownListeSet</DESCRIPT>
    </SEOCOMPOTX>
    <SEOCOMPOTX>
     <CLSNAME>ZCL_ZRS_3FUNNELTOOL_UI_DPC</CLSNAME>
     <CMPNAME>PROJEKTDROPDOWNL_GET_ENTITYSET</CMPNAME>
     <LANGU>D</LANGU>
     <DESCRIPT>Zug. EntitätsmengName:  ProjektDropdownListeSet</DESCRIPT>
    </SEOCOMPOTX>
    <SEOCOMPOTX>
     <CLSNAME>ZCL_ZRS_3FUNNELTOOL_UI_DPC</CLSNAME>
     <CMPNAME>PROJEKTDROPDOWNL_GET_ENTITYSET</CMPNAME>
     <LANGU>E</LANGU>
     <DESCRIPT>Related EntitySet Name: ProjektDropdownListeSet</DESCRIPT>
    </SEOCOMPOTX>
    <SEOCOMPOTX>
     <CLSNAME>ZCL_ZRS_3FUNNELTOOL_UI_DPC</CLSNAME>
     <CMPNAME>PROJEKTDROPDOWNL_UPDATE_ENTITY</CMPNAME>
     <LANGU>D</LANGU>
     <DESCRIPT>Zug. EntitätsmengName:  ProjektDropdownListeSet</DESCRIPT>
    </SEOCOMPOTX>
    <SEOCOMPOTX>
     <CLSNAME>ZCL_ZRS_3FUNNELTOOL_UI_DPC</CLSNAME>
     <CMPNAME>PROJEKTDROPDOWNL_UPDATE_ENTITY</CMPNAME>
     <LANGU>E</LANGU>
     <DESCRIPT>Related EntitySet Name: ProjektDropdownListeSet</DESCRIPT>
    </SEOCOMPOTX>
    <SEOCOMPOTX>
     <CLSNAME>ZCL_ZRS_3FUNNELTOOL_UI_DPC</CLSNAME>
     <CMPNAME>REFERENZEINHEITW_CREATE_ENTITY</CMPNAME>
     <LANGU>D</LANGU>
     <DESCRIPT>Zug. EntitätsmengName:  ReferenzEinheitWertSet</DESCRIPT>
    </SEOCOMPOTX>
    <SEOCOMPOTX>
     <CLSNAME>ZCL_ZRS_3FUNNELTOOL_UI_DPC</CLSNAME>
     <CMPNAME>REFERENZEINHEITW_CREATE_ENTITY</CMPNAME>
     <LANGU>E</LANGU>
     <DESCRIPT>Related EntitySet Name: ReferenzEinheitWertSet</DESCRIPT>
    </SEOCOMPOTX>
    <SEOCOMPOTX>
     <CLSNAME>ZCL_ZRS_3FUNNELTOOL_UI_DPC</CLSNAME>
     <CMPNAME>REFERENZEINHEITW_DELETE_ENTITY</CMPNAME>
     <LANGU>D</LANGU>
     <DESCRIPT>Zug. EntitätsmengName:  ReferenzEinheitWertSet</DESCRIPT>
    </SEOCOMPOTX>
    <SEOCOMPOTX>
     <CLSNAME>ZCL_ZRS_3FUNNELTOOL_UI_DPC</CLSNAME>
     <CMPNAME>REFERENZEINHEITW_DELETE_ENTITY</CMPNAME>
     <LANGU>E</LANGU>
     <DESCRIPT>Related EntitySet Name: ReferenzEinheitWertSet</DESCRIPT>
    </SEOCOMPOTX>
    <SEOCOMPOTX>
     <CLSNAME>ZCL_ZRS_3FUNNELTOOL_UI_DPC</CLSNAME>
     <CMPNAME>REFERENZEINHEITW_GET_ENTITY</CMPNAME>
     <LANGU>D</LANGU>
     <DESCRIPT>Zug. EntitätsmengName:  ReferenzEinheitWertSet</DESCRIPT>
    </SEOCOMPOTX>
    <SEOCOMPOTX>
     <CLSNAME>ZCL_ZRS_3FUNNELTOOL_UI_DPC</CLSNAME>
     <CMPNAME>REFERENZEINHEITW_GET_ENTITY</CMPNAME>
     <LANGU>E</LANGU>
     <DESCRIPT>Related EntitySet Name: ReferenzEinheitWertSet</DESCRIPT>
    </SEOCOMPOTX>
    <SEOCOMPOTX>
     <CLSNAME>ZCL_ZRS_3FUNNELTOOL_UI_DPC</CLSNAME>
     <CMPNAME>REFERENZEINHEITW_GET_ENTITYSET</CMPNAME>
     <LANGU>D</LANGU>
     <DESCRIPT>Zug. EntitätsmengName:  ReferenzEinheitWertSet</DESCRIPT>
    </SEOCOMPOTX>
    <SEOCOMPOTX>
     <CLSNAME>ZCL_ZRS_3FUNNELTOOL_UI_DPC</CLSNAME>
     <CMPNAME>REFERENZEINHEITW_GET_ENTITYSET</CMPNAME>
     <LANGU>E</LANGU>
     <DESCRIPT>Related EntitySet Name: ReferenzEinheitWertSet</DESCRIPT>
    </SEOCOMPOTX>
    <SEOCOMPOTX>
     <CLSNAME>ZCL_ZRS_3FUNNELTOOL_UI_DPC</CLSNAME>
     <CMPNAME>REFERENZEINHEITW_UPDATE_ENTITY</CMPNAME>
     <LANGU>D</LANGU>
     <DESCRIPT>Zug. EntitätsmengName:  ReferenzEinheitWertSet</DESCRIPT>
    </SEOCOMPOTX>
    <SEOCOMPOTX>
     <CLSNAME>ZCL_ZRS_3FUNNELTOOL_UI_DPC</CLSNAME>
     <CMPNAME>REFERENZEINHEITW_UPDATE_ENTITY</CMPNAME>
     <LANGU>E</LANGU>
     <DESCRIPT>Related EntitySet Name: ReferenzEinheitWertSet</DESCRIPT>
    </SEOCOMPOTX>
    <SEOCOMPOTX>
     <CLSNAME>ZCL_ZRS_3FUNNELTOOL_UI_DPC</CLSNAME>
     <CMPNAME>REFERENZEINZELVE_CREATE_ENTITY</CMPNAME>
     <LANGU>D</LANGU>
     <DESCRIPT>Zug. EntitätsmengName:  ReferenzEinzelvertragSet</DESCRIPT>
    </SEOCOMPOTX>
    <SEOCOMPOTX>
     <CLSNAME>ZCL_ZRS_3FUNNELTOOL_UI_DPC</CLSNAME>
     <CMPNAME>REFERENZEINZELVE_CREATE_ENTITY</CMPNAME>
     <LANGU>E</LANGU>
     <DESCRIPT>Related EntitySet Name: ReferenzEinzelvertragSet</DESCRIPT>
    </SEOCOMPOTX>
    <SEOCOMPOTX>
     <CLSNAME>ZCL_ZRS_3FUNNELTOOL_UI_DPC</CLSNAME>
     <CMPNAME>REFERENZEINZELVE_DELETE_ENTITY</CMPNAME>
     <LANGU>D</LANGU>
     <DESCRIPT>Zug. EntitätsmengName:  ReferenzEinzelvertragSet</DESCRIPT>
    </SEOCOMPOTX>
    <SEOCOMPOTX>
     <CLSNAME>ZCL_ZRS_3FUNNELTOOL_UI_DPC</CLSNAME>
     <CMPNAME>REFERENZEINZELVE_DELETE_ENTITY</CMPNAME>
     <LANGU>E</LANGU>
     <DESCRIPT>Related EntitySet Name: ReferenzEinzelvertragSet</DESCRIPT>
    </SEOCOMPOTX>
    <SEOCOMPOTX>
     <CLSNAME>ZCL_ZRS_3FUNNELTOOL_UI_DPC</CLSNAME>
     <CMPNAME>REFERENZEINZELVE_GET_ENTITY</CMPNAME>
     <LANGU>D</LANGU>
     <DESCRIPT>Zug. EntitätsmengName:  ReferenzEinzelvertragSet</DESCRIPT>
    </SEOCOMPOTX>
    <SEOCOMPOTX>
     <CLSNAME>ZCL_ZRS_3FUNNELTOOL_UI_DPC</CLSNAME>
     <CMPNAME>REFERENZEINZELVE_GET_ENTITY</CMPNAME>
     <LANGU>E</LANGU>
     <DESCRIPT>Related EntitySet Name: ReferenzEinzelvertragSet</DESCRIPT>
    </SEOCOMPOTX>
    <SEOCOMPOTX>
     <CLSNAME>ZCL_ZRS_3FUNNELTOOL_UI_DPC</CLSNAME>
     <CMPNAME>REFERENZEINZELVE_GET_ENTITYSET</CMPNAME>
     <LANGU>D</LANGU>
     <DESCRIPT>Zug. EntitätsmengName:  ReferenzEinzelvertragSet</DESCRIPT>
    </SEOCOMPOTX>
    <SEOCOMPOTX>
     <CLSNAME>ZCL_ZRS_3FUNNELTOOL_UI_DPC</CLSNAME>
     <CMPNAME>REFERENZEINZELVE_GET_ENTITYSET</CMPNAME>
     <LANGU>E</LANGU>
     <DESCRIPT>Related EntitySet Name: ReferenzEinzelvertragSet</DESCRIPT>
    </SEOCOMPOTX>
    <SEOCOMPOTX>
     <CLSNAME>ZCL_ZRS_3FUNNELTOOL_UI_DPC</CLSNAME>
     <CMPNAME>REFERENZEINZELVE_UPDATE_ENTITY</CMPNAME>
     <LANGU>D</LANGU>
     <DESCRIPT>Zug. EntitätsmengName:  ReferenzEinzelvertragSet</DESCRIPT>
    </SEOCOMPOTX>
    <SEOCOMPOTX>
     <CLSNAME>ZCL_ZRS_3FUNNELTOOL_UI_DPC</CLSNAME>
     <CMPNAME>REFERENZEINZELVE_UPDATE_ENTITY</CMPNAME>
     <LANGU>E</LANGU>
     <DESCRIPT>Related EntitySet Name: ReferenzEinzelvertragSet</DESCRIPT>
    </SEOCOMPOTX>
    <SEOCOMPOTX>
     <CLSNAME>ZCL_ZRS_3FUNNELTOOL_UI_DPC</CLSNAME>
     <CMPNAME>REFERENZPROJECTA_CREATE_ENTITY</CMPNAME>
     <LANGU>D</LANGU>
     <DESCRIPT>Zug. EntitätsmengName:  ReferenzProjectAbrufStatusSet</DESCRIPT>
    </SEOCOMPOTX>
    <SEOCOMPOTX>
     <CLSNAME>ZCL_ZRS_3FUNNELTOOL_UI_DPC</CLSNAME>
     <CMPNAME>REFERENZPROJECTA_CREATE_ENTITY</CMPNAME>
     <LANGU>E</LANGU>
     <DESCRIPT>Related EntitySet Name: ReferenzProjectAbrufStatusSet</DESCRIPT>
    </SEOCOMPOTX>
    <SEOCOMPOTX>
     <CLSNAME>ZCL_ZRS_3FUNNELTOOL_UI_DPC</CLSNAME>
     <CMPNAME>REFERENZPROJECTA_DELETE_ENTITY</CMPNAME>
     <LANGU>D</LANGU>
     <DESCRIPT>Zug. EntitätsmengName:  ReferenzProjectAbrufStatusSet</DESCRIPT>
    </SEOCOMPOTX>
    <SEOCOMPOTX>
     <CLSNAME>ZCL_ZRS_3FUNNELTOOL_UI_DPC</CLSNAME>
     <CMPNAME>REFERENZPROJECTA_DELETE_ENTITY</CMPNAME>
     <LANGU>E</LANGU>
     <DESCRIPT>Related EntitySet Name: ReferenzProjectAbrufStatusSet</DESCRIPT>
    </SEOCOMPOTX>
    <SEOCOMPOTX>
     <CLSNAME>ZCL_ZRS_3FUNNELTOOL_UI_DPC</CLSNAME>
     <CMPNAME>REFERENZPROJECTA_GET_ENTITY</CMPNAME>
     <LANGU>D</LANGU>
     <DESCRIPT>Zug. EntitätsmengName:  ReferenzProjectAbrufStatusSet</DESCRIPT>
    </SEOCOMPOTX>
    <SEOCOMPOTX>
     <CLSNAME>ZCL_ZRS_3FUNNELTOOL_UI_DPC</CLSNAME>
     <CMPNAME>REFERENZPROJECTA_GET_ENTITY</CMPNAME>
     <LANGU>E</LANGU>
     <DESCRIPT>Related EntitySet Name: ReferenzProjectAbrufStatusSet</DESCRIPT>
    </SEOCOMPOTX>
    <SEOCOMPOTX>
     <CLSNAME>ZCL_ZRS_3FUNNELTOOL_UI_DPC</CLSNAME>
     <CMPNAME>REFERENZPROJECTA_GET_ENTITYSET</CMPNAME>
     <LANGU>D</LANGU>
     <DESCRIPT>Zug. EntitätsmengName:  ReferenzProjectAbrufStatusSet</DESCRIPT>
    </SEOCOMPOTX>
    <SEOCOMPOTX>
     <CLSNAME>ZCL_ZRS_3FUNNELTOOL_UI_DPC</CLSNAME>
     <CMPNAME>REFERENZPROJECTA_GET_ENTITYSET</CMPNAME>
     <LANGU>E</LANGU>
     <DESCRIPT>Related EntitySet Name: ReferenzProjectAbrufStatusSet</DESCRIPT>
    </SEOCOMPOTX>
    <SEOCOMPOTX>
     <CLSNAME>ZCL_ZRS_3FUNNELTOOL_UI_DPC</CLSNAME>
     <CMPNAME>REFERENZPROJECTA_UPDATE_ENTITY</CMPNAME>
     <LANGU>D</LANGU>
     <DESCRIPT>Zug. EntitätsmengName:  ReferenzProjectAbrufStatusSet</DESCRIPT>
    </SEOCOMPOTX>
    <SEOCOMPOTX>
     <CLSNAME>ZCL_ZRS_3FUNNELTOOL_UI_DPC</CLSNAME>
     <CMPNAME>REFERENZPROJECTA_UPDATE_ENTITY</CMPNAME>
     <LANGU>E</LANGU>
     <DESCRIPT>Related EntitySet Name: ReferenzProjectAbrufStatusSet</DESCRIPT>
    </SEOCOMPOTX>
    <SEOCOMPOTX>
     <CLSNAME>ZCL_ZRS_3FUNNELTOOL_UI_DPC</CLSNAME>
     <CMPNAME>ROLLESET_CREATE_ENTITY</CMPNAME>
     <LANGU>D</LANGU>
     <DESCRIPT>Zug. EntitätsmengName:  RolleSet</DESCRIPT>
    </SEOCOMPOTX>
    <SEOCOMPOTX>
     <CLSNAME>ZCL_ZRS_3FUNNELTOOL_UI_DPC</CLSNAME>
     <CMPNAME>ROLLESET_CREATE_ENTITY</CMPNAME>
     <LANGU>E</LANGU>
     <DESCRIPT>Related EntitySet Name: RolleSet</DESCRIPT>
    </SEOCOMPOTX>
    <SEOCOMPOTX>
     <CLSNAME>ZCL_ZRS_3FUNNELTOOL_UI_DPC</CLSNAME>
     <CMPNAME>ROLLESET_DELETE_ENTITY</CMPNAME>
     <LANGU>D</LANGU>
     <DESCRIPT>Zug. EntitätsmengName:  RolleSet</DESCRIPT>
    </SEOCOMPOTX>
    <SEOCOMPOTX>
     <CLSNAME>ZCL_ZRS_3FUNNELTOOL_UI_DPC</CLSNAME>
     <CMPNAME>ROLLESET_DELETE_ENTITY</CMPNAME>
     <LANGU>E</LANGU>
     <DESCRIPT>Related EntitySet Name: RolleSet</DESCRIPT>
    </SEOCOMPOTX>
    <SEOCOMPOTX>
     <CLSNAME>ZCL_ZRS_3FUNNELTOOL_UI_DPC</CLSNAME>
     <CMPNAME>ROLLESET_GET_ENTITY</CMPNAME>
     <LANGU>D</LANGU>
     <DESCRIPT>Zug. EntitätsmengName:  RolleSet</DESCRIPT>
    </SEOCOMPOTX>
    <SEOCOMPOTX>
     <CLSNAME>ZCL_ZRS_3FUNNELTOOL_UI_DPC</CLSNAME>
     <CMPNAME>ROLLESET_GET_ENTITY</CMPNAME>
     <LANGU>E</LANGU>
     <DESCRIPT>Related EntitySet Name: RolleSet</DESCRIPT>
    </SEOCOMPOTX>
    <SEOCOMPOTX>
     <CLSNAME>ZCL_ZRS_3FUNNELTOOL_UI_DPC</CLSNAME>
     <CMPNAME>ROLLESET_GET_ENTITYSET</CMPNAME>
     <LANGU>D</LANGU>
     <DESCRIPT>Zug. EntitätsmengName:  RolleSet</DESCRIPT>
    </SEOCOMPOTX>
    <SEOCOMPOTX>
     <CLSNAME>ZCL_ZRS_3FUNNELTOOL_UI_DPC</CLSNAME>
     <CMPNAME>ROLLESET_GET_ENTITYSET</CMPNAME>
     <LANGU>E</LANGU>
     <DESCRIPT>Related EntitySet Name: RolleSet</DESCRIPT>
    </SEOCOMPOTX>
    <SEOCOMPOTX>
     <CLSNAME>ZCL_ZRS_3FUNNELTOOL_UI_DPC</CLSNAME>
     <CMPNAME>ROLLESET_UPDATE_ENTITY</CMPNAME>
     <LANGU>D</LANGU>
     <DESCRIPT>Zug. EntitätsmengName:  RolleSet</DESCRIPT>
    </SEOCOMPOTX>
    <SEOCOMPOTX>
     <CLSNAME>ZCL_ZRS_3FUNNELTOOL_UI_DPC</CLSNAME>
     <CMPNAME>ROLLESET_UPDATE_ENTITY</CMPNAME>
     <LANGU>E</LANGU>
     <DESCRIPT>Related EntitySet Name: RolleSet</DESCRIPT>
    </SEOCOMPOTX>
    <SEOCOMPOTX>
     <CLSNAME>ZCL_ZRS_3FUNNELTOOL_UI_DPC</CLSNAME>
     <CMPNAME>SUCHEBENUTZERSET_CREATE_ENTITY</CMPNAME>
     <LANGU>D</LANGU>
     <DESCRIPT>Zug. EntitätsmengName:  SucheBenutzerSet</DESCRIPT>
    </SEOCOMPOTX>
    <SEOCOMPOTX>
     <CLSNAME>ZCL_ZRS_3FUNNELTOOL_UI_DPC</CLSNAME>
     <CMPNAME>SUCHEBENUTZERSET_CREATE_ENTITY</CMPNAME>
     <LANGU>E</LANGU>
     <DESCRIPT>Related EntitySet Name: SucheBenutzerSet</DESCRIPT>
    </SEOCOMPOTX>
    <SEOCOMPOTX>
     <CLSNAME>ZCL_ZRS_3FUNNELTOOL_UI_DPC</CLSNAME>
     <CMPNAME>SUCHEBENUTZERSET_DELETE_ENTITY</CMPNAME>
     <LANGU>D</LANGU>
     <DESCRIPT>Zug. EntitätsmengName:  SucheBenutzerSet</DESCRIPT>
    </SEOCOMPOTX>
    <SEOCOMPOTX>
     <CLSNAME>ZCL_ZRS_3FUNNELTOOL_UI_DPC</CLSNAME>
     <CMPNAME>SUCHEBENUTZERSET_DELETE_ENTITY</CMPNAME>
     <LANGU>E</LANGU>
     <DESCRIPT>Related EntitySet Name: SucheBenutzerSet</DESCRIPT>
    </SEOCOMPOTX>
    <SEOCOMPOTX>
     <CLSNAME>ZCL_ZRS_3FUNNELTOOL_UI_DPC</CLSNAME>
     <CMPNAME>SUCHEBENUTZERSET_GET_ENTITY</CMPNAME>
     <LANGU>D</LANGU>
     <DESCRIPT>Zug. EntitätsmengName:  SucheBenutzerSet</DESCRIPT>
    </SEOCOMPOTX>
    <SEOCOMPOTX>
     <CLSNAME>ZCL_ZRS_3FUNNELTOOL_UI_DPC</CLSNAME>
     <CMPNAME>SUCHEBENUTZERSET_GET_ENTITY</CMPNAME>
     <LANGU>E</LANGU>
     <DESCRIPT>Related EntitySet Name: SucheBenutzerSet</DESCRIPT>
    </SEOCOMPOTX>
    <SEOCOMPOTX>
     <CLSNAME>ZCL_ZRS_3FUNNELTOOL_UI_DPC</CLSNAME>
     <CMPNAME>SUCHEBENUTZERSET_GET_ENTITYSET</CMPNAME>
     <LANGU>D</LANGU>
     <DESCRIPT>Zug. EntitätsmengName:  SucheBenutzerSet</DESCRIPT>
    </SEOCOMPOTX>
    <SEOCOMPOTX>
     <CLSNAME>ZCL_ZRS_3FUNNELTOOL_UI_DPC</CLSNAME>
     <CMPNAME>SUCHEBENUTZERSET_GET_ENTITYSET</CMPNAME>
     <LANGU>E</LANGU>
     <DESCRIPT>Related EntitySet Name: SucheBenutzerSet</DESCRIPT>
    </SEOCOMPOTX>
    <SEOCOMPOTX>
     <CLSNAME>ZCL_ZRS_3FUNNELTOOL_UI_DPC</CLSNAME>
     <CMPNAME>SUCHEBENUTZERSET_UPDATE_ENTITY</CMPNAME>
     <LANGU>D</LANGU>
     <DESCRIPT>Zug. EntitätsmengName:  SucheBenutzerSet</DESCRIPT>
    </SEOCOMPOTX>
    <SEOCOMPOTX>
     <CLSNAME>ZCL_ZRS_3FUNNELTOOL_UI_DPC</CLSNAME>
     <CMPNAME>SUCHEBENUTZERSET_UPDATE_ENTITY</CMPNAME>
     <LANGU>E</LANGU>
     <DESCRIPT>Related EntitySet Name: SucheBenutzerSet</DESCRIPT>
    </SEOCOMPOTX>
    <SEOCOMPOTX>
     <CLSNAME>ZCL_ZRS_3FUNNELTOOL_UI_DPC</CLSNAME>
     <CMPNAME>VERRECHNUNGSELEM_CREATE_ENTITY</CMPNAME>
     <LANGU>D</LANGU>
     <DESCRIPT>Zug. EntitätsmengName:  VerrechnungsElementeSet</DESCRIPT>
    </SEOCOMPOTX>
    <SEOCOMPOTX>
     <CLSNAME>ZCL_ZRS_3FUNNELTOOL_UI_DPC</CLSNAME>
     <CMPNAME>VERRECHNUNGSELEM_CREATE_ENTITY</CMPNAME>
     <LANGU>E</LANGU>
     <DESCRIPT>Related EntitySet Name: VerrechnungsElementeSet</DESCRIPT>
    </SEOCOMPOTX>
    <SEOCOMPOTX>
     <CLSNAME>ZCL_ZRS_3FUNNELTOOL_UI_DPC</CLSNAME>
     <CMPNAME>VERRECHNUNGSELEM_DELETE_ENTITY</CMPNAME>
     <LANGU>D</LANGU>
     <DESCRIPT>Zug. EntitätsmengName:  VerrechnungsElementeSet</DESCRIPT>
    </SEOCOMPOTX>
    <SEOCOMPOTX>
     <CLSNAME>ZCL_ZRS_3FUNNELTOOL_UI_DPC</CLSNAME>
     <CMPNAME>VERRECHNUNGSELEM_DELETE_ENTITY</CMPNAME>
     <LANGU>E</LANGU>
     <DESCRIPT>Related EntitySet Name: VerrechnungsElementeSet</DESCRIPT>
    </SEOCOMPOTX>
    <SEOCOMPOTX>
     <CLSNAME>ZCL_ZRS_3FUNNELTOOL_UI_DPC</CLSNAME>
     <CMPNAME>VERRECHNUNGSELEM_GET_ENTITY</CMPNAME>
     <LANGU>D</LANGU>
     <DESCRIPT>Zug. EntitätsmengName:  VerrechnungsElementeSet</DESCRIPT>
    </SEOCOMPOTX>
    <SEOCOMPOTX>
     <CLSNAME>ZCL_ZRS_3FUNNELTOOL_UI_DPC</CLSNAME>
     <CMPNAME>VERRECHNUNGSELEM_GET_ENTITY</CMPNAME>
     <LANGU>E</LANGU>
     <DESCRIPT>Related EntitySet Name: VerrechnungsElementeSet</DESCRIPT>
    </SEOCOMPOTX>
    <SEOCOMPOTX>
     <CLSNAME>ZCL_ZRS_3FUNNELTOOL_UI_DPC</CLSNAME>
     <CMPNAME>VERRECHNUNGSELEM_GET_ENTITYSET</CMPNAME>
     <LANGU>D</LANGU>
     <DESCRIPT>Zug. EntitätsmengName:  VerrechnungsElementeSet</DESCRIPT>
    </SEOCOMPOTX>
    <SEOCOMPOTX>
     <CLSNAME>ZCL_ZRS_3FUNNELTOOL_UI_DPC</CLSNAME>
     <CMPNAME>VERRECHNUNGSELEM_GET_ENTITYSET</CMPNAME>
     <LANGU>E</LANGU>
     <DESCRIPT>Related EntitySet Name: VerrechnungsElementeSet</DESCRIPT>
    </SEOCOMPOTX>
    <SEOCOMPOTX>
     <CLSNAME>ZCL_ZRS_3FUNNELTOOL_UI_DPC</CLSNAME>
     <CMPNAME>VERRECHNUNGSELEM_UPDATE_ENTITY</CMPNAME>
     <LANGU>D</LANGU>
     <DESCRIPT>Zug. EntitätsmengName:  VerrechnungsElementeSet</DESCRIPT>
    </SEOCOMPOTX>
    <SEOCOMPOTX>
     <CLSNAME>ZCL_ZRS_3FUNNELTOOL_UI_DPC</CLSNAME>
     <CMPNAME>VERRECHNUNGSELEM_UPDATE_ENTITY</CMPNAME>
     <LANGU>E</LANGU>
     <DESCRIPT>Related EntitySet Name: VerrechnungsElementeSet</DESCRIPT>
    </SEOCOMPOTX>
    <SEOCOMPOTX>
     <CLSNAME>ZCL_ZRS_3FUNNELTOOL_UI_DPC</CLSNAME>
     <CMPNAME>VERRECHNUNGSET_CREATE_ENTITY</CMPNAME>
     <LANGU>D</LANGU>
     <DESCRIPT>Zug. EntitätsmengName:  VerrechnungSet</DESCRIPT>
    </SEOCOMPOTX>
    <SEOCOMPOTX>
     <CLSNAME>ZCL_ZRS_3FUNNELTOOL_UI_DPC</CLSNAME>
     <CMPNAME>VERRECHNUNGSET_CREATE_ENTITY</CMPNAME>
     <LANGU>E</LANGU>
     <DESCRIPT>Related EntitySet Name: VerrechnungSet</DESCRIPT>
    </SEOCOMPOTX>
    <SEOCOMPOTX>
     <CLSNAME>ZCL_ZRS_3FUNNELTOOL_UI_DPC</CLSNAME>
     <CMPNAME>VERRECHNUNGSET_DELETE_ENTITY</CMPNAME>
     <LANGU>D</LANGU>
     <DESCRIPT>Zug. EntitätsmengName:  VerrechnungSet</DESCRIPT>
    </SEOCOMPOTX>
    <SEOCOMPOTX>
     <CLSNAME>ZCL_ZRS_3FUNNELTOOL_UI_DPC</CLSNAME>
     <CMPNAME>VERRECHNUNGSET_DELETE_ENTITY</CMPNAME>
     <LANGU>E</LANGU>
     <DESCRIPT>Related EntitySet Name: VerrechnungSet</DESCRIPT>
    </SEOCOMPOTX>
    <SEOCOMPOTX>
     <CLSNAME>ZCL_ZRS_3FUNNELTOOL_UI_DPC</CLSNAME>
     <CMPNAME>VERRECHNUNGSET_GET_ENTITY</CMPNAME>
     <LANGU>D</LANGU>
     <DESCRIPT>Zug. EntitätsmengName:  VerrechnungSet</DESCRIPT>
    </SEOCOMPOTX>
    <SEOCOMPOTX>
     <CLSNAME>ZCL_ZRS_3FUNNELTOOL_UI_DPC</CLSNAME>
     <CMPNAME>VERRECHNUNGSET_GET_ENTITY</CMPNAME>
     <LANGU>E</LANGU>
     <DESCRIPT>Related EntitySet Name: VerrechnungSet</DESCRIPT>
    </SEOCOMPOTX>
    <SEOCOMPOTX>
     <CLSNAME>ZCL_ZRS_3FUNNELTOOL_UI_DPC</CLSNAME>
     <CMPNAME>VERRECHNUNGSET_GET_ENTITYSET</CMPNAME>
     <LANGU>D</LANGU>
     <DESCRIPT>Zug. EntitätsmengName:  VerrechnungSet</DESCRIPT>
    </SEOCOMPOTX>
    <SEOCOMPOTX>
     <CLSNAME>ZCL_ZRS_3FUNNELTOOL_UI_DPC</CLSNAME>
     <CMPNAME>VERRECHNUNGSET_GET_ENTITYSET</CMPNAME>
     <LANGU>E</LANGU>
     <DESCRIPT>Related EntitySet Name: VerrechnungSet</DESCRIPT>
    </SEOCOMPOTX>
    <SEOCOMPOTX>
     <CLSNAME>ZCL_ZRS_3FUNNELTOOL_UI_DPC</CLSNAME>
     <CMPNAME>VERRECHNUNGSET_UPDATE_ENTITY</CMPNAME>
     <LANGU>D</LANGU>
     <DESCRIPT>Zug. EntitätsmengName:  VerrechnungSet</DESCRIPT>
    </SEOCOMPOTX>
    <SEOCOMPOTX>
     <CLSNAME>ZCL_ZRS_3FUNNELTOOL_UI_DPC</CLSNAME>
     <CMPNAME>VERRECHNUNGSET_UPDATE_ENTITY</CMPNAME>
     <LANGU>E</LANGU>
     <DESCRIPT>Related EntitySet Name: VerrechnungSet</DESCRIPT>
    </SEOCOMPOTX>
    <SEOCOMPOTX>
     <CLSNAME>ZCL_ZRS_3FUNNELTOOL_UI_DPC</CLSNAME>
     <CMPNAME>VORHABENFORECAST_CREATE_ENTITY</CMPNAME>
     <LANGU>D</LANGU>
     <DESCRIPT>Zug. EntitätsmengName:  VorhabenforecastSet</DESCRIPT>
    </SEOCOMPOTX>
    <SEOCOMPOTX>
     <CLSNAME>ZCL_ZRS_3FUNNELTOOL_UI_DPC</CLSNAME>
     <CMPNAME>VORHABENFORECAST_CREATE_ENTITY</CMPNAME>
     <LANGU>E</LANGU>
     <DESCRIPT>Related EntitySet Name: VorhabenforecastSet</DESCRIPT>
    </SEOCOMPOTX>
    <SEOCOMPOTX>
     <CLSNAME>ZCL_ZRS_3FUNNELTOOL_UI_DPC</CLSNAME>
     <CMPNAME>VORHABENFORECAST_DELETE_ENTITY</CMPNAME>
     <LANGU>D</LANGU>
     <DESCRIPT>Zug. EntitätsmengName:  VorhabenforecastSet</DESCRIPT>
    </SEOCOMPOTX>
    <SEOCOMPOTX>
     <CLSNAME>ZCL_ZRS_3FUNNELTOOL_UI_DPC</CLSNAME>
     <CMPNAME>VORHABENFORECAST_DELETE_ENTITY</CMPNAME>
     <LANGU>E</LANGU>
     <DESCRIPT>Related EntitySet Name: VorhabenforecastSet</DESCRIPT>
    </SEOCOMPOTX>
    <SEOCOMPOTX>
     <CLSNAME>ZCL_ZRS_3FUNNELTOOL_UI_DPC</CLSNAME>
     <CMPNAME>VORHABENFORECAST_GET_ENTITY</CMPNAME>
     <LANGU>D</LANGU>
     <DESCRIPT>Zug. EntitätsmengName:  VorhabenforecastSet</DESCRIPT>
    </SEOCOMPOTX>
    <SEOCOMPOTX>
     <CLSNAME>ZCL_ZRS_3FUNNELTOOL_UI_DPC</CLSNAME>
     <CMPNAME>VORHABENFORECAST_GET_ENTITY</CMPNAME>
     <LANGU>E</LANGU>
     <DESCRIPT>Related EntitySet Name: VorhabenforecastSet</DESCRIPT>
    </SEOCOMPOTX>
    <SEOCOMPOTX>
     <CLSNAME>ZCL_ZRS_3FUNNELTOOL_UI_DPC</CLSNAME>
     <CMPNAME>VORHABENFORECAST_GET_ENTITYSET</CMPNAME>
     <LANGU>D</LANGU>
     <DESCRIPT>Zug. EntitätsmengName:  VorhabenforecastSet</DESCRIPT>
    </SEOCOMPOTX>
    <SEOCOMPOTX>
     <CLSNAME>ZCL_ZRS_3FUNNELTOOL_UI_DPC</CLSNAME>
     <CMPNAME>VORHABENFORECAST_GET_ENTITYSET</CMPNAME>
     <LANGU>E</LANGU>
     <DESCRIPT>Related EntitySet Name: VorhabenforecastSet</DESCRIPT>
    </SEOCOMPOTX>
    <SEOCOMPOTX>
     <CLSNAME>ZCL_ZRS_3FUNNELTOOL_UI_DPC</CLSNAME>
     <CMPNAME>VORHABENFORECAST_UPDATE_ENTITY</CMPNAME>
     <LANGU>D</LANGU>
     <DESCRIPT>Zug. EntitätsmengName:  VorhabenforecastSet</DESCRIPT>
    </SEOCOMPOTX>
    <SEOCOMPOTX>
     <CLSNAME>ZCL_ZRS_3FUNNELTOOL_UI_DPC</CLSNAME>
     <CMPNAME>VORHABENFORECAST_UPDATE_ENTITY</CMPNAME>
     <LANGU>E</LANGU>
     <DESCRIPT>Related EntitySet Name: VorhabenforecastSet</DESCRIPT>
    </SEOCOMPOTX>
    <SEOCOMPOTX>
     <CLSNAME>ZCL_ZRS_3FUNNELTOOL_UI_DPC</CLSNAME>
     <CMPNAME>VORHABENSET_CREATE_ENTITY</CMPNAME>
     <LANGU>D</LANGU>
     <DESCRIPT>Zug. EntitätsmengName:  VorhabenSet</DESCRIPT>
    </SEOCOMPOTX>
    <SEOCOMPOTX>
     <CLSNAME>ZCL_ZRS_3FUNNELTOOL_UI_DPC</CLSNAME>
     <CMPNAME>VORHABENSET_CREATE_ENTITY</CMPNAME>
     <LANGU>E</LANGU>
     <DESCRIPT>Related EntitySet Name: VorhabenSet</DESCRIPT>
    </SEOCOMPOTX>
    <SEOCOMPOTX>
     <CLSNAME>ZCL_ZRS_3FUNNELTOOL_UI_DPC</CLSNAME>
     <CMPNAME>VORHABENSET_DELETE_ENTITY</CMPNAME>
     <LANGU>D</LANGU>
     <DESCRIPT>Zug. EntitätsmengName:  VorhabenSet</DESCRIPT>
    </SEOCOMPOTX>
    <SEOCOMPOTX>
     <CLSNAME>ZCL_ZRS_3FUNNELTOOL_UI_DPC</CLSNAME>
     <CMPNAME>VORHABENSET_DELETE_ENTITY</CMPNAME>
     <LANGU>E</LANGU>
     <DESCRIPT>Related EntitySet Name: VorhabenSet</DESCRIPT>
    </SEOCOMPOTX>
    <SEOCOMPOTX>
     <CLSNAME>ZCL_ZRS_3FUNNELTOOL_UI_DPC</CLSNAME>
     <CMPNAME>VORHABENSET_GET_ENTITY</CMPNAME>
     <LANGU>D</LANGU>
     <DESCRIPT>Zug. EntitätsmengName:  VorhabenSet</DESCRIPT>
    </SEOCOMPOTX>
    <SEOCOMPOTX>
     <CLSNAME>ZCL_ZRS_3FUNNELTOOL_UI_DPC</CLSNAME>
     <CMPNAME>VORHABENSET_GET_ENTITY</CMPNAME>
     <LANGU>E</LANGU>
     <DESCRIPT>Related EntitySet Name: VorhabenSet</DESCRIPT>
    </SEOCOMPOTX>
    <SEOCOMPOTX>
     <CLSNAME>ZCL_ZRS_3FUNNELTOOL_UI_DPC</CLSNAME>
     <CMPNAME>VORHABENSET_GET_ENTITYSET</CMPNAME>
     <LANGU>D</LANGU>
     <DESCRIPT>Zug. EntitätsmengName:  VorhabenSet</DESCRIPT>
    </SEOCOMPOTX>
    <SEOCOMPOTX>
     <CLSNAME>ZCL_ZRS_3FUNNELTOOL_UI_DPC</CLSNAME>
     <CMPNAME>VORHABENSET_GET_ENTITYSET</CMPNAME>
     <LANGU>E</LANGU>
     <DESCRIPT>Related EntitySet Name: VorhabenSet</DESCRIPT>
    </SEOCOMPOTX>
    <SEOCOMPOTX>
     <CLSNAME>ZCL_ZRS_3FUNNELTOOL_UI_DPC</CLSNAME>
     <CMPNAME>VORHABENSET_UPDATE_ENTITY</CMPNAME>
     <LANGU>D</LANGU>
     <DESCRIPT>Zug. EntitätsmengName:  VorhabenSet</DESCRIPT>
    </SEOCOMPOTX>
    <SEOCOMPOTX>
     <CLSNAME>ZCL_ZRS_3FUNNELTOOL_UI_DPC</CLSNAME>
     <CMPNAME>VORHABENSET_UPDATE_ENTITY</CMPNAME>
     <LANGU>E</LANGU>
     <DESCRIPT>Related EntitySet Name: VorhabenSet</DESCRIPT>
    </SEOCOMPOTX>
   </DESCRIPTIONS>
  </asx:values>
 </asx:abap>
</abapGit>
