﻿<?xml version="1.0" encoding="utf-8"?>
<abapGit version="v1.0.0" serializer="LCL_OBJECT_INTF" serializer_version="v1.0.0">
 <asx:abap xmlns:asx="http://www.sap.com/abapxml" version="1.0">
  <asx:values>
   <VSEOINTERF>
    <CLSNAME>ZIF_RS_3DPC_ENTITAT</CLSNAME>
    <LANGU>D</LANGU>
    <DESCRIPT>Trichtertool: Schnittstelle DPC Entitat</DESCRIPT>
    <EXPOSURE>2</EXPOSURE>
    <STATE>1</STATE>
    <UNICODE>X</UNICODE>
   </VSEOINTERF>
   <DESCRIPTIONS>
    <SEOCOMPOTX>
     <CLSNAME>ZIF_RS_3DPC_ENTITAT</CLSNAME>
     <CMPNAME>DELETE</CMPNAME>
     <LANGU>D</LANGU>
     <DESCRIPT>Clear or Delete</DESCRIPT>
    </SEOCOMPOTX>
    <SEOCOMPOTX>
     <CLSNAME>ZIF_RS_3DPC_ENTITAT</CLSNAME>
     <CMPNAME>DELETE</CMPNAME>
     <LANGU>E</LANGU>
     <DESCRIPT>Clear or Delete</DESCRIPT>
    </SEOCOMPOTX>
    <SEOCOMPOTX>
     <CLSNAME>ZIF_RS_3DPC_ENTITAT</CLSNAME>
     <CMPNAME>POST</CMPNAME>
     <LANGU>D</LANGU>
     <DESCRIPT>Create or Post</DESCRIPT>
    </SEOCOMPOTX>
    <SEOCOMPOTX>
     <CLSNAME>ZIF_RS_3DPC_ENTITAT</CLSNAME>
     <CMPNAME>POST</CMPNAME>
     <LANGU>E</LANGU>
     <DESCRIPT>Create or Post</DESCRIPT>
    </SEOCOMPOTX>
    <SEOCOMPOTX>
     <CLSNAME>ZIF_RS_3DPC_ENTITAT</CLSNAME>
     <CMPNAME>POST_DEEP_ENTITY</CMPNAME>
     <LANGU>D</LANGU>
     <DESCRIPT>Create Deep Entity</DESCRIPT>
    </SEOCOMPOTX>
    <SEOCOMPOTX>
     <CLSNAME>ZIF_RS_3DPC_ENTITAT</CLSNAME>
     <CMPNAME>POST_DEEP_ENTITY</CMPNAME>
     <LANGU>E</LANGU>
     <DESCRIPT>Create Deep Entity</DESCRIPT>
    </SEOCOMPOTX>
    <SEOCOMPOTX>
     <CLSNAME>ZIF_RS_3DPC_ENTITAT</CLSNAME>
     <CMPNAME>QUERY</CMPNAME>
     <LANGU>D</LANGU>
     <DESCRIPT>Query</DESCRIPT>
    </SEOCOMPOTX>
    <SEOCOMPOTX>
     <CLSNAME>ZIF_RS_3DPC_ENTITAT</CLSNAME>
     <CMPNAME>QUERY</CMPNAME>
     <LANGU>E</LANGU>
     <DESCRIPT>Query</DESCRIPT>
    </SEOCOMPOTX>
    <SEOCOMPOTX>
     <CLSNAME>ZIF_RS_3DPC_ENTITAT</CLSNAME>
     <CMPNAME>QUERY_EXPAND</CMPNAME>
     <LANGU>D</LANGU>
     <DESCRIPT>Query Entity Set Expand</DESCRIPT>
    </SEOCOMPOTX>
    <SEOCOMPOTX>
     <CLSNAME>ZIF_RS_3DPC_ENTITAT</CLSNAME>
     <CMPNAME>QUERY_EXPAND</CMPNAME>
     <LANGU>E</LANGU>
     <DESCRIPT>Query Entity Set Expand</DESCRIPT>
    </SEOCOMPOTX>
    <SEOCOMPOTX>
     <CLSNAME>ZIF_RS_3DPC_ENTITAT</CLSNAME>
     <CMPNAME>READ</CMPNAME>
     <LANGU>D</LANGU>
     <DESCRIPT>Read</DESCRIPT>
    </SEOCOMPOTX>
    <SEOCOMPOTX>
     <CLSNAME>ZIF_RS_3DPC_ENTITAT</CLSNAME>
     <CMPNAME>READ</CMPNAME>
     <LANGU>E</LANGU>
     <DESCRIPT>Read</DESCRIPT>
    </SEOCOMPOTX>
    <SEOCOMPOTX>
     <CLSNAME>ZIF_RS_3DPC_ENTITAT</CLSNAME>
     <CMPNAME>READ_EXPAND</CMPNAME>
     <LANGU>D</LANGU>
     <DESCRIPT>Read Entity Expand</DESCRIPT>
    </SEOCOMPOTX>
    <SEOCOMPOTX>
     <CLSNAME>ZIF_RS_3DPC_ENTITAT</CLSNAME>
     <CMPNAME>READ_EXPAND</CMPNAME>
     <LANGU>E</LANGU>
     <DESCRIPT>Read Entity Expand</DESCRIPT>
    </SEOCOMPOTX>
    <SEOCOMPOTX>
     <CLSNAME>ZIF_RS_3DPC_ENTITAT</CLSNAME>
     <CMPNAME>UPDATE</CMPNAME>
     <LANGU>D</LANGU>
     <DESCRIPT>Update</DESCRIPT>
    </SEOCOMPOTX>
    <SEOCOMPOTX>
     <CLSNAME>ZIF_RS_3DPC_ENTITAT</CLSNAME>
     <CMPNAME>UPDATE</CMPNAME>
     <LANGU>E</LANGU>
     <DESCRIPT>Update</DESCRIPT>
    </SEOCOMPOTX>
   </DESCRIPTIONS>
  </asx:values>
 </asx:abap>
</abapGit>
