﻿<?xml version="1.0" encoding="utf-8"?>
<abapGit version="v1.0.0" serializer="LCL_OBJECT_INTF" serializer_version="v1.0.0">
 <asx:abap xmlns:asx="http://www.sap.com/abapxml" version="1.0">
  <asx:values>
   <VSEOINTERF>
    <CLSNAME>ZIF_RS_3DPC_ANTWORT</CLSNAME>
    <LANGU>D</LANGU>
    <DESCRIPT>Trichtertool: Antwort DPC Entitat</DESCRIPT>
    <EXPOSURE>2</EXPOSURE>
    <STATE>1</STATE>
    <UNICODE>X</UNICODE>
   </VSEOINTERF>
   <DESCRIPTIONS>
    <SEOCOMPOTX>
     <CLSNAME>ZIF_RS_3DPC_ANTWORT</CLSNAME>
     <CMPNAME>GET_RESPONSE_DELETE</CMPNAME>
     <LANGU>D</LANGU>
     <DESCRIPT>Get Clear/Delete Response</DESCRIPT>
    </SEOCOMPOTX>
    <SEOCOMPOTX>
     <CLSNAME>ZIF_RS_3DPC_ANTWORT</CLSNAME>
     <CMPNAME>GET_RESPONSE_DELETE</CMPNAME>
     <LANGU>E</LANGU>
     <DESCRIPT>Get Clear/Delete Response</DESCRIPT>
    </SEOCOMPOTX>
    <SEOCOMPOTX>
     <CLSNAME>ZIF_RS_3DPC_ANTWORT</CLSNAME>
     <CMPNAME>GET_RESPONSE_POST</CMPNAME>
     <LANGU>D</LANGU>
     <DESCRIPT>Get Post Response</DESCRIPT>
    </SEOCOMPOTX>
    <SEOCOMPOTX>
     <CLSNAME>ZIF_RS_3DPC_ANTWORT</CLSNAME>
     <CMPNAME>GET_RESPONSE_POST</CMPNAME>
     <LANGU>E</LANGU>
     <DESCRIPT>Get Post Response</DESCRIPT>
    </SEOCOMPOTX>
    <SEOCOMPOTX>
     <CLSNAME>ZIF_RS_3DPC_ANTWORT</CLSNAME>
     <CMPNAME>GET_RESPONSE_POST_DEEP_ENTITY</CMPNAME>
     <LANGU>D</LANGU>
     <DESCRIPT>Get Create Deep Entity Response</DESCRIPT>
    </SEOCOMPOTX>
    <SEOCOMPOTX>
     <CLSNAME>ZIF_RS_3DPC_ANTWORT</CLSNAME>
     <CMPNAME>GET_RESPONSE_POST_DEEP_ENTITY</CMPNAME>
     <LANGU>E</LANGU>
     <DESCRIPT>Get Create Deep Entity Response</DESCRIPT>
    </SEOCOMPOTX>
    <SEOCOMPOTX>
     <CLSNAME>ZIF_RS_3DPC_ANTWORT</CLSNAME>
     <CMPNAME>GET_RESPONSE_QUERY</CMPNAME>
     <LANGU>D</LANGU>
     <DESCRIPT>Get Query Response</DESCRIPT>
    </SEOCOMPOTX>
    <SEOCOMPOTX>
     <CLSNAME>ZIF_RS_3DPC_ANTWORT</CLSNAME>
     <CMPNAME>GET_RESPONSE_QUERY</CMPNAME>
     <LANGU>E</LANGU>
     <DESCRIPT>Get Query Response</DESCRIPT>
    </SEOCOMPOTX>
    <SEOCOMPOTX>
     <CLSNAME>ZIF_RS_3DPC_ANTWORT</CLSNAME>
     <CMPNAME>GET_RESPONSE_QUERY_EXPAND</CMPNAME>
     <LANGU>D</LANGU>
     <DESCRIPT>Get Query Entity Set Expand Response</DESCRIPT>
    </SEOCOMPOTX>
    <SEOCOMPOTX>
     <CLSNAME>ZIF_RS_3DPC_ANTWORT</CLSNAME>
     <CMPNAME>GET_RESPONSE_QUERY_EXPAND</CMPNAME>
     <LANGU>E</LANGU>
     <DESCRIPT>Get Query Entity Set Expand Response</DESCRIPT>
    </SEOCOMPOTX>
    <SEOCOMPOTX>
     <CLSNAME>ZIF_RS_3DPC_ANTWORT</CLSNAME>
     <CMPNAME>GET_RESPONSE_READ</CMPNAME>
     <LANGU>D</LANGU>
     <DESCRIPT>Get Read Response</DESCRIPT>
    </SEOCOMPOTX>
    <SEOCOMPOTX>
     <CLSNAME>ZIF_RS_3DPC_ANTWORT</CLSNAME>
     <CMPNAME>GET_RESPONSE_READ</CMPNAME>
     <LANGU>E</LANGU>
     <DESCRIPT>Get Read Response</DESCRIPT>
    </SEOCOMPOTX>
    <SEOCOMPOTX>
     <CLSNAME>ZIF_RS_3DPC_ANTWORT</CLSNAME>
     <CMPNAME>GET_RESPONSE_READ_EXPAND</CMPNAME>
     <LANGU>D</LANGU>
     <DESCRIPT>Get Read Entity Expand Response</DESCRIPT>
    </SEOCOMPOTX>
    <SEOCOMPOTX>
     <CLSNAME>ZIF_RS_3DPC_ANTWORT</CLSNAME>
     <CMPNAME>GET_RESPONSE_READ_EXPAND</CMPNAME>
     <LANGU>E</LANGU>
     <DESCRIPT>Get Read Entity Expand Response</DESCRIPT>
    </SEOCOMPOTX>
    <SEOCOMPOTX>
     <CLSNAME>ZIF_RS_3DPC_ANTWORT</CLSNAME>
     <CMPNAME>GET_RESPONSE_UPDATE</CMPNAME>
     <LANGU>D</LANGU>
     <DESCRIPT>Get Update Response</DESCRIPT>
    </SEOCOMPOTX>
    <SEOCOMPOTX>
     <CLSNAME>ZIF_RS_3DPC_ANTWORT</CLSNAME>
     <CMPNAME>GET_RESPONSE_UPDATE</CMPNAME>
     <LANGU>E</LANGU>
     <DESCRIPT>Get Update Response</DESCRIPT>
    </SEOCOMPOTX>
   </DESCRIPTIONS>
  </asx:values>
 </asx:abap>
</abapGit>
