﻿<?xml version="1.0" encoding="utf-8"?>
<abapGit version="v1.0.0" serializer="LCL_OBJECT_INTF" serializer_version="v1.0.0">
 <asx:abap xmlns:asx="http://www.sap.com/abapxml" version="1.0">
  <asx:values>
   <VSEOINTERF>
    <CLSNAME>ZIF_RS_3CONSTANTS</CLSNAME>
    <LANGU>D</LANGU>
    <DESCRIPT>Trichtertool: globale Konstanten</DESCRIPT>
    <EXPOSURE>2</EXPOSURE>
    <STATE>1</STATE>
    <UNICODE>X</UNICODE>
   </VSEOINTERF>
   <DESCRIPTIONS>
    <SEOCOMPOTX>
     <CLSNAME>ZIF_RS_3CONSTANTS</CLSNAME>
     <CMPNAME>GC_ABRUF_CONTRACT_LP2</CMPNAME>
     <LANGU>D</LANGU>
     <DESCRIPT>Trichtertool: Einzelvertrag</DESCRIPT>
    </SEOCOMPOTX>
    <SEOCOMPOTX>
     <CLSNAME>ZIF_RS_3CONSTANTS</CLSNAME>
     <CMPNAME>GC_ABRUF_CONTRACT_LP3</CMPNAME>
     <LANGU>D</LANGU>
     <DESCRIPT>Trichtertool: Einzelvertrag</DESCRIPT>
    </SEOCOMPOTX>
    <SEOCOMPOTX>
     <CLSNAME>ZIF_RS_3CONSTANTS</CLSNAME>
     <CMPNAME>GC_ABRUF_CONTRACT_LP5</CMPNAME>
     <LANGU>D</LANGU>
     <DESCRIPT>Trichtertool: Einzelvertrag</DESCRIPT>
    </SEOCOMPOTX>
    <SEOCOMPOTX>
     <CLSNAME>ZIF_RS_3CONSTANTS</CLSNAME>
     <CMPNAME>GC_ABRUF_NEW_STATUS</CMPNAME>
     <LANGU>D</LANGU>
     <DESCRIPT>Trichtertool: Status abruf</DESCRIPT>
    </SEOCOMPOTX>
    <SEOCOMPOTX>
     <CLSNAME>ZIF_RS_3CONSTANTS</CLSNAME>
     <CMPNAME>GC_ABRUF_NR_OBJECT</CMPNAME>
     <LANGU>D</LANGU>
     <DESCRIPT>Name des Nummernkreisobjekts</DESCRIPT>
    </SEOCOMPOTX>
    <SEOCOMPOTX>
     <CLSNAME>ZIF_RS_3CONSTANTS</CLSNAME>
     <CMPNAME>GC_ABRUF_NR_RANGE</CMPNAME>
     <LANGU>D</LANGU>
     <DESCRIPT>Nummernkreisnummer</DESCRIPT>
    </SEOCOMPOTX>
    <SEOCOMPOTX>
     <CLSNAME>ZIF_RS_3CONSTANTS</CLSNAME>
     <CMPNAME>GC_ARTIKEL_NR_OBJECT</CMPNAME>
     <LANGU>D</LANGU>
     <DESCRIPT>Name des Nummernkreisobjekts</DESCRIPT>
    </SEOCOMPOTX>
    <SEOCOMPOTX>
     <CLSNAME>ZIF_RS_3CONSTANTS</CLSNAME>
     <CMPNAME>GC_ARTIKEL_NR_RANGE</CMPNAME>
     <LANGU>D</LANGU>
     <DESCRIPT>Nummernkreisnummer</DESCRIPT>
    </SEOCOMPOTX>
    <SEOCOMPOTX>
     <CLSNAME>ZIF_RS_3CONSTANTS</CLSNAME>
     <CMPNAME>GC_EINHEIT_FORECAST_AW</CMPNAME>
     <LANGU>D</LANGU>
     <DESCRIPT>Trichtertool: Einheit Forecast AW</DESCRIPT>
    </SEOCOMPOTX>
    <SEOCOMPOTX>
     <CLSNAME>ZIF_RS_3CONSTANTS</CLSNAME>
     <CMPNAME>GC_EINHEIT_FORECAST_TP</CMPNAME>
     <LANGU>D</LANGU>
     <DESCRIPT>Trichtertool: Einheit Forecast TP</DESCRIPT>
    </SEOCOMPOTX>
    <SEOCOMPOTX>
     <CLSNAME>ZIF_RS_3CONSTANTS</CLSNAME>
     <CMPNAME>GC_EMAIL_PROJECT_DAT</CMPNAME>
     <LANGU>D</LANGU>
     <DESCRIPT>Mail ID</DESCRIPT>
    </SEOCOMPOTX>
    <SEOCOMPOTX>
     <CLSNAME>ZIF_RS_3CONSTANTS</CLSNAME>
     <CMPNAME>GC_EMAIL_PROJECT_FORECAST</CMPNAME>
     <LANGU>D</LANGU>
     <DESCRIPT>Mail ID</DESCRIPT>
    </SEOCOMPOTX>
    <SEOCOMPOTX>
     <CLSNAME>ZIF_RS_3CONSTANTS</CLSNAME>
     <CMPNAME>GC_ENTITYSET_ABRUFKOPFSET</CMPNAME>
     <LANGU>D</LANGU>
     <DESCRIPT>Trictertool: Entitat Set Name</DESCRIPT>
    </SEOCOMPOTX>
    <SEOCOMPOTX>
     <CLSNAME>ZIF_RS_3CONSTANTS</CLSNAME>
     <CMPNAME>GC_ENTITYSET_ABRUFPOSSET</CMPNAME>
     <LANGU>D</LANGU>
     <DESCRIPT>Trictertool: Entitat Set Name</DESCRIPT>
    </SEOCOMPOTX>
    <SEOCOMPOTX>
     <CLSNAME>ZIF_RS_3CONSTANTS</CLSNAME>
     <CMPNAME>GC_ENTITYSET_BENUTZERROLLENSET</CMPNAME>
     <LANGU>D</LANGU>
     <DESCRIPT>Trictertool: Entitat Set Name</DESCRIPT>
    </SEOCOMPOTX>
    <SEOCOMPOTX>
     <CLSNAME>ZIF_RS_3CONSTANTS</CLSNAME>
     <CMPNAME>GC_ENTITYSET_MDARTIKELSET</CMPNAME>
     <LANGU>D</LANGU>
     <DESCRIPT>Trictertool: Entitat Set Name</DESCRIPT>
    </SEOCOMPOTX>
    <SEOCOMPOTX>
     <CLSNAME>ZIF_RS_3CONSTANTS</CLSNAME>
     <CMPNAME>GC_MESSAGE_CLASS</CMPNAME>
     <LANGU>D</LANGU>
     <DESCRIPT>Arbeitsgebiet</DESCRIPT>
    </SEOCOMPOTX>
    <SEOCOMPOTX>
     <CLSNAME>ZIF_RS_3CONSTANTS</CLSNAME>
     <CMPNAME>GC_MESSAGE_TYPE_ERROR</CMPNAME>
     <LANGU>D</LANGU>
     <DESCRIPT>Meldungstyp: S Success, E Error, W Warning, I Info, A Abort</DESCRIPT>
    </SEOCOMPOTX>
    <SEOCOMPOTX>
     <CLSNAME>ZIF_RS_3CONSTANTS</CLSNAME>
     <CMPNAME>GC_MESSAGE_TYPE_SUCCESS</CMPNAME>
     <LANGU>D</LANGU>
     <DESCRIPT>Meldungstyp: S Success, E Error, W Warning, I Info, A Abort</DESCRIPT>
    </SEOCOMPOTX>
    <SEOCOMPOTX>
     <CLSNAME>ZIF_RS_3CONSTANTS</CLSNAME>
     <CMPNAME>GC_MESSAGE_TYPE_WARNING</CMPNAME>
     <LANGU>D</LANGU>
     <DESCRIPT>Meldungstyp: S Success, E Error, W Warning, I Info, A Abort</DESCRIPT>
    </SEOCOMPOTX>
    <SEOCOMPOTX>
     <CLSNAME>ZIF_RS_3CONSTANTS</CLSNAME>
     <CMPNAME>GC_PATCH_ENTITY</CMPNAME>
     <LANGU>D</LANGU>
     <DESCRIPT>Vorgangsart (lesen, anlegen, aktualisieren, ...)</DESCRIPT>
    </SEOCOMPOTX>
    <SEOCOMPOTX>
     <CLSNAME>ZIF_RS_3CONSTANTS</CLSNAME>
     <CMPNAME>GC_PROCEZZART_TYPE_ABRUF</CMPNAME>
     <LANGU>D</LANGU>
     <DESCRIPT>Charakterfeld der Länge 1</DESCRIPT>
    </SEOCOMPOTX>
    <SEOCOMPOTX>
     <CLSNAME>ZIF_RS_3CONSTANTS</CLSNAME>
     <CMPNAME>GC_ROLE_AUTHFIELD</CMPNAME>
     <LANGU>D</LANGU>
     <DESCRIPT>Feld für Berechtigungsobjekt Rollen</DESCRIPT>
    </SEOCOMPOTX>
    <SEOCOMPOTX>
     <CLSNAME>ZIF_RS_3CONSTANTS</CLSNAME>
     <CMPNAME>GC_ROLE_AUTHOBJECT</CMPNAME>
     <LANGU>D</LANGU>
     <DESCRIPT>Berechtigungsobjekt für Rollen</DESCRIPT>
    </SEOCOMPOTX>
    <SEOCOMPOTX>
     <CLSNAME>ZIF_RS_3CONSTANTS</CLSNAME>
     <CMPNAME>GC_ROLE_DEVSPOC</CMPNAME>
     <LANGU>D</LANGU>
     <DESCRIPT>Trichtertool: Rolle</DESCRIPT>
    </SEOCOMPOTX>
    <SEOCOMPOTX>
     <CLSNAME>ZIF_RS_3CONSTANTS</CLSNAME>
     <CMPNAME>GC_ROLE_DXCRUN</CMPNAME>
     <LANGU>D</LANGU>
     <DESCRIPT>Trichtertool: Rolle</DESCRIPT>
    </SEOCOMPOTX>
    <SEOCOMPOTX>
     <CLSNAME>ZIF_RS_3CONSTANTS</CLSNAME>
     <CMPNAME>GC_ROLE_PLSWA</CMPNAME>
     <LANGU>D</LANGU>
     <DESCRIPT>Trichtertool: Rolle</DESCRIPT>
    </SEOCOMPOTX>
    <SEOCOMPOTX>
     <CLSNAME>ZIF_RS_3CONSTANTS</CLSNAME>
     <CMPNAME>GC_ROLE_SMSBB</CMPNAME>
     <LANGU>D</LANGU>
     <DESCRIPT>Trichtertool: Rolle</DESCRIPT>
    </SEOCOMPOTX>
    <SEOCOMPOTX>
     <CLSNAME>ZIF_RS_3CONSTANTS</CLSNAME>
     <CMPNAME>GC_SESSION_EXPIRES_SECS</CMPNAME>
     <LANGU>D</LANGU>
     <DESCRIPT>Session expires in 5 mins.</DESCRIPT>
    </SEOCOMPOTX>
    <SEOCOMPOTX>
     <CLSNAME>ZIF_RS_3CONSTANTS</CLSNAME>
     <CMPNAME>GC_SESSION_EXPIRES_SECS</CMPNAME>
     <LANGU>E</LANGU>
     <DESCRIPT>Session expires in 5 mins.</DESCRIPT>
    </SEOCOMPOTX>
    <SEOCOMPOTX>
     <CLSNAME>ZIF_RS_3CONSTANTS</CLSNAME>
     <CMPNAME>GC_UPDATE_ENTITY</CMPNAME>
     <LANGU>D</LANGU>
     <DESCRIPT>Vorgangsart (lesen, anlegen, aktualisieren, ...)</DESCRIPT>
    </SEOCOMPOTX>
    <SEOCOMPOTX>
     <CLSNAME>ZIF_RS_3CONSTANTS</CLSNAME>
     <CMPNAME>GC_VERRECHNUNG_APPL</CMPNAME>
     <LANGU>D</LANGU>
     <DESCRIPT>Verrechnungs Elemente Application</DESCRIPT>
    </SEOCOMPOTX>
    <SEOCOMPOTX>
     <CLSNAME>ZIF_RS_3CONSTANTS</CLSNAME>
     <CMPNAME>GC_VERRECHNUNG_DEP</CMPNAME>
     <LANGU>D</LANGU>
     <DESCRIPT>Verrechnungs Elemente System Dependent</DESCRIPT>
    </SEOCOMPOTX>
    <SEOCOMPOTX>
     <CLSNAME>ZIF_RS_3CONSTANTS</CLSNAME>
     <CMPNAME>GC_VERRECHNUNG_NAME</CMPNAME>
     <LANGU>D</LANGU>
     <DESCRIPT>Verrechnungs Elemente Name</DESCRIPT>
    </SEOCOMPOTX>
    <SEOCOMPOTX>
     <CLSNAME>ZIF_RS_3CONSTANTS</CLSNAME>
     <CMPNAME>GC_VORHABEN_NR_OBJECT</CMPNAME>
     <LANGU>D</LANGU>
     <DESCRIPT>Name des Nummernkreisobjekts</DESCRIPT>
    </SEOCOMPOTX>
    <SEOCOMPOTX>
     <CLSNAME>ZIF_RS_3CONSTANTS</CLSNAME>
     <CMPNAME>GC_VORHABEN_NR_RANGE</CMPNAME>
     <LANGU>D</LANGU>
     <DESCRIPT>Nummernkreisnummer</DESCRIPT>
    </SEOCOMPOTX>
    <SEOCOMPOTX>
     <CLSNAME>ZIF_RS_3CONSTANTS</CLSNAME>
     <CMPNAME>GC_VORHABEN_STATUS_ACTIVE</CMPNAME>
     <LANGU>D</LANGU>
     <DESCRIPT>Trichtertool: Status</DESCRIPT>
    </SEOCOMPOTX>
   </DESCRIPTIONS>
  </asx:values>
 </asx:abap>
</abapGit>
