﻿<?xml version="1.0" encoding="utf-8"?>
<abapGit version="v1.0.0" serializer="LCL_OBJECT_TABL" serializer_version="v1.0.0">
 <asx:abap xmlns:asx="http://www.sap.com/abapxml" version="1.0">
  <asx:values>
   <DD02V>
    <TABNAME>ZRS_3TT_ABRUFOUT</TABNAME>
    <TABCLASS>INTTAB</TABCLASS>
   </DD02V>
   <DD03P_TABLE>
    <DD03P>
     <TABNAME>ZRS_3TT_ABRUFOUT</TABNAME>
     <FIELDNAME>ABRUFNUMMER</FIELDNAME>
     <POSITION>0001</POSITION>
     <ROLLNAME>ZRS_3TT_DE_ABRUFNUMMR</ROLLNAME>
     <ADMINFIELD>0</ADMINFIELD>
     <COMPTYPE>E</COMPTYPE>
    </DD03P>
    <DD03P>
     <TABNAME>ZRS_3TT_ABRUFOUT</TABNAME>
     <FIELDNAME>ABRUFPOSITION</FIELDNAME>
     <POSITION>0002</POSITION>
     <ROLLNAME>ZRS_3TT_DE_ABRUFPOST</ROLLNAME>
     <ADMINFIELD>0</ADMINFIELD>
     <COMPTYPE>E</COMPTYPE>
    </DD03P>
    <DD03P>
     <TABNAME>ZRS_3TT_ABRUFOUT</TABNAME>
     <FIELDNAME>ABNAHME_STATUS_VON</FIELDNAME>
     <POSITION>0003</POSITION>
     <ROLLNAME>ZRS_3TT_DE_ABNHMSTAT_V</ROLLNAME>
     <ADMINFIELD>0</ADMINFIELD>
     <COMPTYPE>E</COMPTYPE>
    </DD03P>
    <DD03P>
     <TABNAME>ZRS_3TT_ABRUFOUT</TABNAME>
     <FIELDNAME>ABNAHME_STATUS_NACH</FIELDNAME>
     <POSITION>0004</POSITION>
     <ROLLNAME>ZRS_3TT_DE_ABNHMSTAT_N</ROLLNAME>
     <ADMINFIELD>0</ADMINFIELD>
     <COMPTYPE>E</COMPTYPE>
    </DD03P>
    <DD03P>
     <TABNAME>ZRS_3TT_ABRUFOUT</TABNAME>
     <FIELDNAME>STATUS_ABRUF_VON</FIELDNAME>
     <POSITION>0005</POSITION>
     <ROLLNAME>ZRS_3TT_DE_STATUSABRF_V</ROLLNAME>
     <ADMINFIELD>0</ADMINFIELD>
     <COMPTYPE>E</COMPTYPE>
    </DD03P>
    <DD03P>
     <TABNAME>ZRS_3TT_ABRUFOUT</TABNAME>
     <FIELDNAME>STATUS_ABRUF_NACH</FIELDNAME>
     <POSITION>0006</POSITION>
     <ROLLNAME>ZRS_3TT_DE_STATUSABRF_N</ROLLNAME>
     <ADMINFIELD>0</ADMINFIELD>
     <COMPTYPE>E</COMPTYPE>
    </DD03P>
   </DD03P_TABLE>
   <I18N_LANGS>
    <LANGU>D</LANGU>
   </I18N_LANGS>
   <DD02_TEXTS>
    <item>
     <DDLANGUAGE>D</DDLANGUAGE>
     <DDTEXT>Trichtertool 2.0: Output structure for Abruf report</DDTEXT>
    </item>
   </DD02_TEXTS>
  </asx:values>
 </asx:abap>
</abapGit>
