﻿<?xml version="1.0" encoding="utf-8"?>
<abapGit version="v1.0.0" serializer="LCL_OBJECT_DTEL" serializer_version="v1.0.0">
 <asx:abap xmlns:asx="http://www.sap.com/abapxml" version="1.0">
  <asx:values>
   <DD04V>
    <ROLLNAME>ZRS_3TT_DE_EINHTANTL</ROLLNAME>
    <DDLANGUAGE>E</DDLANGUAGE>
    <DOMNAME>MEINS</DOMNAME>
    <HEADLEN>55</HEADLEN>
    <SCRLEN1>10</SCRLEN1>
    <SCRLEN2>20</SCRLEN2>
    <SCRLEN3>40</SCRLEN3>
    <DDTEXT>Unit proportion</DDTEXT>
    <REPTEXT>Unit proportion</REPTEXT>
    <SCRTEXT_S>Unit Prop</SCRTEXT_S>
    <SCRTEXT_M>Unit proportion</SCRTEXT_M>
    <SCRTEXT_L>Unit proportion</SCRTEXT_L>
    <DTELMASTER>D</DTELMASTER>
    <REFKIND>D</REFKIND>
   </DD04V>
   <I18N_LANGS>
    <LANGU>D</LANGU>
   </I18N_LANGS>
   <DD04_TEXTS>
    <item>
     <DDLANGUAGE>D</DDLANGUAGE>
     <DDTEXT>Trichtertool: Einheit Anteil</DDTEXT>
     <REPTEXT>Einheit Anteil</REPTEXT>
     <SCRTEXT_S>Einheit An</SCRTEXT_S>
     <SCRTEXT_M>Einheit Anteil</SCRTEXT_M>
     <SCRTEXT_L>Einheit Anteil</SCRTEXT_L>
    </item>
   </DD04_TEXTS>
  </asx:values>
 </asx:abap>
</abapGit>
