﻿<?xml version="1.0" encoding="utf-8"?>
<abapGit version="v1.0.0" serializer="LCL_OBJECT_DTEL" serializer_version="v1.0.0">
 <asx:abap xmlns:asx="http://www.sap.com/abapxml" version="1.0">
  <asx:values>
   <DD04V>
    <ROLLNAME>ZRS_3TT_DE_BRCHTGTRAB</ROLLNAME>
    <DDLANGUAGE>E</DDLANGUAGE>
    <HEADLEN>55</HEADLEN>
    <SCRLEN1>10</SCRLEN1>
    <SCRLEN2>20</SCRLEN2>
    <SCRLEN3>40</SCRLEN3>
    <DDTEXT>Authorized user</DDTEXT>
    <REPTEXT>Authorized User</REPTEXT>
    <SCRTEXT_S>Auth User</SCRTEXT_S>
    <SCRTEXT_M>Authorized User</SCRTEXT_M>
    <SCRTEXT_L>Authorized User</SCRTEXT_L>
    <DTELMASTER>D</DTELMASTER>
    <DATATYPE>CHAR</DATATYPE>
    <LENG>000008</LENG>
    <OUTPUTLEN>000008</OUTPUTLEN>
   </DD04V>
   <I18N_LANGS>
    <LANGU>D</LANGU>
   </I18N_LANGS>
   <DD04_TEXTS>
    <item>
     <DDLANGUAGE>D</DDLANGUAGE>
     <DDTEXT>Trichtertool: Berechtigter Abrufer</DDTEXT>
     <REPTEXT>Berechtigter Abrufer</REPTEXT>
     <SCRTEXT_S>Berechtigt</SCRTEXT_S>
     <SCRTEXT_M>Berechtigter Abrufer</SCRTEXT_M>
     <SCRTEXT_L>Berechtigter Abrufer</SCRTEXT_L>
    </item>
   </DD04_TEXTS>
  </asx:values>
 </asx:abap>
</abapGit>
