﻿<?xml version="1.0" encoding="utf-8"?>
<abapGit version="v1.0.0" serializer="LCL_OBJECT_TOBJ" serializer_version="v1.0.0">
 <asx:abap xmlns:asx="http://www.sap.com/abapxml" version="1.0">
  <asx:values>
   <OBJH>
    <OBJECTNAME>ZRS_P_3TT_PRJABR</OBJECTNAME>
    <OBJECTTYPE>V</OBJECTTYPE>
    <OBJCATEG>CUSY</OBJCATEG>
    <OBJTRANSP>2</OBJTRANSP>
    <IMPORTABLE>3</IMPORTABLE>
   </OBJH>
   <OBJT>
    <LANGUAGE>E</LANGUAGE>
    <OBJECTNAME>ZRS_P_3TT_PRJABR</OBJECTNAME>
    <OBJECTTYPE>V</OBJECTTYPE>
   </OBJT>
   <OBJS>
    <OBJS>
     <OBJECTNAME>ZRS_P_3TT_PRJABR</OBJECTNAME>
     <OBJECTTYPE>V</OBJECTTYPE>
     <TABNAME>ZRS_3TT_PRJABRST</TABNAME>
     <DDIC>X</DDIC>
     <PRIM_TABLE>X</PRIM_TABLE>
    </OBJS>
    <OBJS>
     <OBJECTNAME>ZRS_P_3TT_PRJABR</OBJECTNAME>
     <OBJECTTYPE>V</OBJECTTYPE>
     <TABNAME>ZRS_3TT_PRJABR_T</TABNAME>
     <DDIC>X</DDIC>
    </OBJS>
   </OBJS>
   <TOBJ>
    <TDDAT>
     <TABNAME>ZRS_P_3TT_PRJABR</TABNAME>
     <CCLASS>ZRS_3</CCLASS>
    </TDDAT>
    <TVDIR>
     <TABNAME>ZRS_P_3TT_PRJABR</TABNAME>
     <AREA>ZRS_3_TT_TPD_101</AREA>
     <TYPE>1</TYPE>
     <LISTE>0009</LISTE>
    </TVDIR>
   </TOBJ>
  </asx:values>
 </asx:abap>
</abapGit>
