﻿<?xml version="1.0" encoding="utf-8"?>
<abapGit version="v1.0.0" serializer="LCL_OBJECT_VIEW" serializer_version="v1.0.0">
 <asx:abap xmlns:asx="http://www.sap.com/abapxml" version="1.0">
  <asx:values>
   <DD25V>
    <VIEWNAME>ZRS_D_3TT_VERRCH</VIEWNAME>
    <AS4LOCAL>A</AS4LOCAL>
    <AGGTYPE>V</AGGTYPE>
    <ROOTTAB>ZRS_3TT_ABRUFPOS</ROOTTAB>
    <VIEWCLASS>D</VIEWCLASS>
    <VIEWGRANT>R</VIEWGRANT>
   </DD25V>
   <DD26V_TABLE>
    <DD26V>
     <VIEWNAME>ZRS_D_3TT_VERRCH</VIEWNAME>
     <TABNAME>ZRS_3TT_ABRUFPOS</TABNAME>
     <TABPOS>0001</TABPOS>
     <FORTABNAME>ZRS_3TT_ABRUFPOS</FORTABNAME>
    </DD26V>
    <DD26V>
     <VIEWNAME>ZRS_D_3TT_VERRCH</VIEWNAME>
     <TABNAME>ZRS_3TT_VERRCHNG</TABNAME>
     <TABPOS>0002</TABPOS>
    </DD26V>
   </DD26V_TABLE>
   <DD27P_TABLE>
    <DD27P>
     <VIEWNAME>ZRS_D_3TT_VERRCH</VIEWNAME>
     <OBJPOS>0001</OBJPOS>
     <DDLANGUAGE>E</DDLANGUAGE>
     <VIEWFIELD>MANDT</VIEWFIELD>
     <TABNAME>ZRS_3TT_ABRUFPOS</TABNAME>
     <FIELDNAME>MANDT</FIELDNAME>
     <KEYFLAG>X</KEYFLAG>
     <ROLLNAME>ZRS_3TT_DE_MANDT</ROLLNAME>
     <ROLLNAMEVI>ZRS_3TT_DE_MANDT</ROLLNAMEVI>
    </DD27P>
    <DD27P>
     <VIEWNAME>ZRS_D_3TT_VERRCH</VIEWNAME>
     <OBJPOS>0002</OBJPOS>
     <DDLANGUAGE>E</DDLANGUAGE>
     <VIEWFIELD>ABRUFNUMMER</VIEWFIELD>
     <TABNAME>ZRS_3TT_ABRUFPOS</TABNAME>
     <FIELDNAME>ABRUFNUMMER</FIELDNAME>
     <KEYFLAG>X</KEYFLAG>
     <ROLLNAME>ZRS_3TT_DE_ABRUFNUMMR</ROLLNAME>
     <ROLLNAMEVI>ZRS_3TT_DE_ABRUFNUMMR</ROLLNAMEVI>
    </DD27P>
    <DD27P>
     <VIEWNAME>ZRS_D_3TT_VERRCH</VIEWNAME>
     <OBJPOS>0003</OBJPOS>
     <DDLANGUAGE>E</DDLANGUAGE>
     <VIEWFIELD>ABRUFPOSITION</VIEWFIELD>
     <TABNAME>ZRS_3TT_ABRUFPOS</TABNAME>
     <FIELDNAME>ABRUFPOSITION</FIELDNAME>
     <KEYFLAG>X</KEYFLAG>
     <ROLLNAME>ZRS_3TT_DE_ABRUFPOST</ROLLNAME>
     <ROLLNAMEVI>ZRS_3TT_DE_ABRUFPOST</ROLLNAMEVI>
    </DD27P>
    <DD27P>
     <VIEWNAME>ZRS_D_3TT_VERRCH</VIEWNAME>
     <OBJPOS>0004</OBJPOS>
     <DDLANGUAGE>E</DDLANGUAGE>
     <VIEWFIELD>ARTIKELNUMMER</VIEWFIELD>
     <TABNAME>ZRS_3TT_ABRUFPOS</TABNAME>
     <FIELDNAME>ARTIKELNUMMER</FIELDNAME>
     <KEYFLAG>X</KEYFLAG>
     <ROLLNAME>ZRS_3TT_DE_ARTIKELNUM</ROLLNAME>
     <ROLLNAMEVI>ZRS_3TT_DE_ARTIKELNUM</ROLLNAMEVI>
    </DD27P>
    <DD27P>
     <VIEWNAME>ZRS_D_3TT_VERRCH</VIEWNAME>
     <OBJPOS>0005</OBJPOS>
     <DDLANGUAGE>E</DDLANGUAGE>
     <VIEWFIELD>GUELTIG_AB</VIEWFIELD>
     <TABNAME>ZRS_3TT_ABRUFPOS</TABNAME>
     <FIELDNAME>GUELTIG_AB</FIELDNAME>
     <KEYFLAG>X</KEYFLAG>
     <ROLLNAME>ZRS_3TT_DE_GULTIG_AB</ROLLNAME>
     <ROLLNAMEVI>ZRS_3TT_DE_GULTIG_AB</ROLLNAMEVI>
     <SHLPORIGIN>T</SHLPORIGIN>
    </DD27P>
    <DD27P>
     <VIEWNAME>ZRS_D_3TT_VERRCH</VIEWNAME>
     <OBJPOS>0006</OBJPOS>
     <DDLANGUAGE>E</DDLANGUAGE>
     <VIEWFIELD>REFERENZ</VIEWFIELD>
     <TABNAME>ZRS_3TT_ABRUFPOS</TABNAME>
     <FIELDNAME>REFERENZ</FIELDNAME>
     <KEYFLAG>X</KEYFLAG>
     <ROLLNAME>ZRS_3TT_DE_REFERENZ</ROLLNAME>
     <ROLLNAMEVI>ZRS_3TT_DE_REFERENZ</ROLLNAMEVI>
    </DD27P>
    <DD27P>
     <VIEWNAME>ZRS_D_3TT_VERRCH</VIEWNAME>
     <OBJPOS>0007</OBJPOS>
     <DDLANGUAGE>E</DDLANGUAGE>
     <VIEWFIELD>WERT_OBJEKT</VIEWFIELD>
     <TABNAME>ZRS_3TT_ABRUFPOS</TABNAME>
     <FIELDNAME>WERT_OBJEKT</FIELDNAME>
     <KEYFLAG>X</KEYFLAG>
     <ROLLNAME>ZRS_3TT_DE_WERTOBJEKT</ROLLNAME>
     <ROLLNAMEVI>ZRS_3TT_DE_WERTOBJEKT</ROLLNAMEVI>
     <REFTABLE>ZRS_3TT_ABRUFPOS</REFTABLE>
     <REFFIELD>EINHEIT_WERT</REFFIELD>
    </DD27P>
    <DD27P>
     <VIEWNAME>ZRS_D_3TT_VERRCH</VIEWNAME>
     <OBJPOS>0008</OBJPOS>
     <DDLANGUAGE>E</DDLANGUAGE>
     <VIEWFIELD>EINHEIT_WERT_POS</VIEWFIELD>
     <TABNAME>ZRS_3TT_ABRUFPOS</TABNAME>
     <FIELDNAME>EINHEIT_WERT</FIELDNAME>
     <KEYFLAG>X</KEYFLAG>
     <ROLLNAME>ZRS_3TT_DE_EINHTWERT</ROLLNAME>
     <ROLLNAMEVI>ZRS_3TT_DE_EINHTWERT</ROLLNAMEVI>
    </DD27P>
    <DD27P>
     <VIEWNAME>ZRS_D_3TT_VERRCH</VIEWNAME>
     <OBJPOS>0009</OBJPOS>
     <DDLANGUAGE>E</DDLANGUAGE>
     <VIEWFIELD>MENGE</VIEWFIELD>
     <TABNAME>ZRS_3TT_ABRUFPOS</TABNAME>
     <FIELDNAME>MENGE</FIELDNAME>
     <KEYFLAG>X</KEYFLAG>
     <ROLLNAME>ZRS_3TT_DE_MENGE</ROLLNAME>
     <ROLLNAMEVI>ZRS_3TT_DE_MENGE</ROLLNAMEVI>
    </DD27P>
    <DD27P>
     <VIEWNAME>ZRS_D_3TT_VERRCH</VIEWNAME>
     <OBJPOS>0010</OBJPOS>
     <DDLANGUAGE>E</DDLANGUAGE>
     <VIEWFIELD>WERT_POSITION_POS</VIEWFIELD>
     <TABNAME>ZRS_3TT_ABRUFPOS</TABNAME>
     <FIELDNAME>WERT_POSITION</FIELDNAME>
     <KEYFLAG>X</KEYFLAG>
     <ROLLNAME>ZRS_3TT_DE_WERTPOST</ROLLNAME>
     <ROLLNAMEVI>ZRS_3TT_DE_WERTPOST</ROLLNAMEVI>
     <REFTABLE>ZRS_3TT_ABRUFPOS</REFTABLE>
     <REFFIELD>EINHEIT_WERT</REFFIELD>
    </DD27P>
    <DD27P>
     <VIEWNAME>ZRS_D_3TT_VERRCH</VIEWNAME>
     <OBJPOS>0011</OBJPOS>
     <DDLANGUAGE>E</DDLANGUAGE>
     <VIEWFIELD>KOSTEN_POSITION_POS</VIEWFIELD>
     <TABNAME>ZRS_3TT_ABRUFPOS</TABNAME>
     <FIELDNAME>KOSTEN_POSITION</FIELDNAME>
     <KEYFLAG>X</KEYFLAG>
     <ROLLNAME>ZRS_3TT_DE_KOSTENPOST</ROLLNAME>
     <ROLLNAMEVI>ZRS_3TT_DE_KOSTENPOST</ROLLNAMEVI>
     <REFTABLE>ZRS_3TT_ABRUFPOS</REFTABLE>
     <REFFIELD>WAEHRUNG</REFFIELD>
    </DD27P>
    <DD27P>
     <VIEWNAME>ZRS_D_3TT_VERRCH</VIEWNAME>
     <OBJPOS>0012</OBJPOS>
     <DDLANGUAGE>E</DDLANGUAGE>
     <VIEWFIELD>WAEHRUNG_POS</VIEWFIELD>
     <TABNAME>ZRS_3TT_ABRUFPOS</TABNAME>
     <FIELDNAME>WAEHRUNG</FIELDNAME>
     <KEYFLAG>X</KEYFLAG>
     <ROLLNAME>ZRS_3TT_DE_WAHRUNG</ROLLNAME>
     <ROLLNAMEVI>ZRS_3TT_DE_WAHRUNG</ROLLNAMEVI>
    </DD27P>
    <DD27P>
     <VIEWNAME>ZRS_D_3TT_VERRCH</VIEWNAME>
     <OBJPOS>0013</OBJPOS>
     <DDLANGUAGE>E</DDLANGUAGE>
     <VIEWFIELD>GEPLANTES_LIEFERDATUM</VIEWFIELD>
     <TABNAME>ZRS_3TT_ABRUFPOS</TABNAME>
     <FIELDNAME>GEPLANTES_LIEFERDATUM</FIELDNAME>
     <KEYFLAG>X</KEYFLAG>
     <ROLLNAME>ZRS_3TT_DE_GEPLNLFRDT</ROLLNAME>
     <ROLLNAMEVI>ZRS_3TT_DE_GEPLNLFRDT</ROLLNAMEVI>
     <SHLPORIGIN>T</SHLPORIGIN>
    </DD27P>
    <DD27P>
     <VIEWNAME>ZRS_D_3TT_VERRCH</VIEWNAME>
     <OBJPOS>0014</OBJPOS>
     <DDLANGUAGE>E</DDLANGUAGE>
     <VIEWFIELD>REALISIERTES_LIEFERDATUM</VIEWFIELD>
     <TABNAME>ZRS_3TT_ABRUFPOS</TABNAME>
     <FIELDNAME>REALISIERTES_LIEFERDATUM</FIELDNAME>
     <KEYFLAG>X</KEYFLAG>
     <ROLLNAME>ZRS_3TT_DE_RLSRTSLFRD</ROLLNAME>
     <ROLLNAMEVI>ZRS_3TT_DE_RLSRTSLFRD</ROLLNAMEVI>
     <SHLPORIGIN>T</SHLPORIGIN>
    </DD27P>
    <DD27P>
     <VIEWNAME>ZRS_D_3TT_VERRCH</VIEWNAME>
     <OBJPOS>0015</OBJPOS>
     <DDLANGUAGE>E</DDLANGUAGE>
     <VIEWFIELD>ABGERECHNET</VIEWFIELD>
     <TABNAME>ZRS_3TT_ABRUFPOS</TABNAME>
     <FIELDNAME>ABGERECHNET</FIELDNAME>
     <KEYFLAG>X</KEYFLAG>
     <ROLLNAME>ZRS_3TT_DE_ABGERECHNT</ROLLNAME>
     <ROLLNAMEVI>ZRS_3TT_DE_ABGERECHNT</ROLLNAMEVI>
    </DD27P>
    <DD27P>
     <VIEWNAME>ZRS_D_3TT_VERRCH</VIEWNAME>
     <OBJPOS>0016</OBJPOS>
     <DDLANGUAGE>E</DDLANGUAGE>
     <VIEWFIELD>STORNIERT</VIEWFIELD>
     <TABNAME>ZRS_3TT_ABRUFPOS</TABNAME>
     <FIELDNAME>STORNIERT</FIELDNAME>
     <KEYFLAG>X</KEYFLAG>
     <ROLLNAME>ZRS_3TT_DE_STORNIERT</ROLLNAME>
     <ROLLNAMEVI>ZRS_3TT_DE_STORNIERT</ROLLNAMEVI>
    </DD27P>
    <DD27P>
     <VIEWNAME>ZRS_D_3TT_VERRCH</VIEWNAME>
     <OBJPOS>0017</OBJPOS>
     <DDLANGUAGE>E</DDLANGUAGE>
     <VIEWFIELD>DATUM_STORNO</VIEWFIELD>
     <TABNAME>ZRS_3TT_ABRUFPOS</TABNAME>
     <FIELDNAME>DATUM_STORNO</FIELDNAME>
     <KEYFLAG>X</KEYFLAG>
     <ROLLNAME>ZRS_3TT_DE_DATSTORNO</ROLLNAME>
     <ROLLNAMEVI>ZRS_3TT_DE_DATSTORNO</ROLLNAMEVI>
     <SHLPORIGIN>T</SHLPORIGIN>
    </DD27P>
    <DD27P>
     <VIEWNAME>ZRS_D_3TT_VERRCH</VIEWNAME>
     <OBJPOS>0018</OBJPOS>
     <DDLANGUAGE>E</DDLANGUAGE>
     <VIEWFIELD>ABRUFER</VIEWFIELD>
     <TABNAME>ZRS_3TT_ABRUFPOS</TABNAME>
     <FIELDNAME>ABRUFER</FIELDNAME>
     <KEYFLAG>X</KEYFLAG>
     <ROLLNAME>ZRS_3TT_DE_ABRUFER</ROLLNAME>
     <ROLLNAMEVI>ZRS_3TT_DE_ABRUFER</ROLLNAMEVI>
    </DD27P>
    <DD27P>
     <VIEWNAME>ZRS_D_3TT_VERRCH</VIEWNAME>
     <OBJPOS>0019</OBJPOS>
     <DDLANGUAGE>E</DDLANGUAGE>
     <VIEWFIELD>ABRUFDATUM</VIEWFIELD>
     <TABNAME>ZRS_3TT_ABRUFPOS</TABNAME>
     <FIELDNAME>ABRUFDATUM</FIELDNAME>
     <KEYFLAG>X</KEYFLAG>
     <ROLLNAME>ZRS_3TT_DE_ABRUFDATUM</ROLLNAME>
     <ROLLNAMEVI>ZRS_3TT_DE_ABRUFDATUM</ROLLNAMEVI>
     <SHLPORIGIN>T</SHLPORIGIN>
    </DD27P>
    <DD27P>
     <VIEWNAME>ZRS_D_3TT_VERRCH</VIEWNAME>
     <OBJPOS>0020</OBJPOS>
     <DDLANGUAGE>E</DDLANGUAGE>
     <VIEWFIELD>RUECKRUF_DATUM</VIEWFIELD>
     <TABNAME>ZRS_3TT_ABRUFPOS</TABNAME>
     <FIELDNAME>RUECKRUF_DATUM</FIELDNAME>
     <KEYFLAG>X</KEYFLAG>
     <ROLLNAME>ZRS_3TT_DE_RUCKRUFDAT</ROLLNAME>
     <ROLLNAMEVI>ZRS_3TT_DE_RUCKRUFDAT</ROLLNAMEVI>
     <SHLPORIGIN>T</SHLPORIGIN>
    </DD27P>
    <DD27P>
     <VIEWNAME>ZRS_D_3TT_VERRCH</VIEWNAME>
     <OBJPOS>0021</OBJPOS>
     <DDLANGUAGE>E</DDLANGUAGE>
     <VIEWFIELD>RUECKRUF_GRUND</VIEWFIELD>
     <TABNAME>ZRS_3TT_ABRUFPOS</TABNAME>
     <FIELDNAME>RUECKRUF_GRUND</FIELDNAME>
     <KEYFLAG>X</KEYFLAG>
     <ROLLNAME>ZRS_3TT_DE_RUCKRFGRND</ROLLNAME>
     <ROLLNAMEVI>ZRS_3TT_DE_RUCKRFGRND</ROLLNAMEVI>
    </DD27P>
    <DD27P>
     <VIEWNAME>ZRS_D_3TT_VERRCH</VIEWNAME>
     <OBJPOS>0022</OBJPOS>
     <DDLANGUAGE>E</DDLANGUAGE>
     <VIEWFIELD>ABNAHME_STATUS</VIEWFIELD>
     <TABNAME>ZRS_3TT_ABRUFPOS</TABNAME>
     <FIELDNAME>ABNAHME_STATUS</FIELDNAME>
     <KEYFLAG>X</KEYFLAG>
     <ROLLNAME>ZRS_3TT_DE_ABNHMSTAT</ROLLNAME>
     <ROLLNAMEVI>ZRS_3TT_DE_ABNHMSTAT</ROLLNAMEVI>
    </DD27P>
    <DD27P>
     <VIEWNAME>ZRS_D_3TT_VERRCH</VIEWNAME>
     <OBJPOS>0023</OBJPOS>
     <DDLANGUAGE>E</DDLANGUAGE>
     <VIEWFIELD>NOTIZ</VIEWFIELD>
     <TABNAME>ZRS_3TT_ABRUFPOS</TABNAME>
     <FIELDNAME>NOTIZ</FIELDNAME>
     <KEYFLAG>X</KEYFLAG>
     <ROLLNAME>ZRS_3TT_DE_NOTIZ</ROLLNAME>
     <ROLLNAMEVI>ZRS_3TT_DE_NOTIZ</ROLLNAMEVI>
    </DD27P>
    <DD27P>
     <VIEWNAME>ZRS_D_3TT_VERRCH</VIEWNAME>
     <OBJPOS>0024</OBJPOS>
     <DDLANGUAGE>E</DDLANGUAGE>
     <VIEWFIELD>GELOESCHT</VIEWFIELD>
     <TABNAME>ZRS_3TT_ABRUFPOS</TABNAME>
     <FIELDNAME>GELOESCHT</FIELDNAME>
     <KEYFLAG>X</KEYFLAG>
     <ROLLNAME>ZRS_3TT_DE_GELOSCHT</ROLLNAME>
     <ROLLNAMEVI>ZRS_3TT_DE_GELOSCHT</ROLLNAMEVI>
    </DD27P>
    <DD27P>
     <VIEWNAME>ZRS_D_3TT_VERRCH</VIEWNAME>
     <OBJPOS>0025</OBJPOS>
     <DDLANGUAGE>E</DDLANGUAGE>
     <VIEWFIELD>ATTACHMENT</VIEWFIELD>
     <TABNAME>ZRS_3TT_ABRUFPOS</TABNAME>
     <FIELDNAME>ATTACHMENT</FIELDNAME>
     <KEYFLAG>X</KEYFLAG>
     <ROLLNAME>ZRS_3TT_DE_ATTACH</ROLLNAME>
     <ROLLNAMEVI>ZRS_3TT_DE_ATTACH</ROLLNAMEVI>
    </DD27P>
    <DD27P>
     <VIEWNAME>ZRS_D_3TT_VERRCH</VIEWNAME>
     <OBJPOS>0026</OBJPOS>
     <DDLANGUAGE>E</DDLANGUAGE>
     <VIEWFIELD>LASTCHANGEDBY</VIEWFIELD>
     <TABNAME>ZRS_3TT_ABRUFPOS</TABNAME>
     <FIELDNAME>LASTCHANGEDBY</FIELDNAME>
     <KEYFLAG>X</KEYFLAG>
     <ROLLNAME>ERNAM</ROLLNAME>
     <ROLLNAMEVI>ERNAM</ROLLNAMEVI>
    </DD27P>
    <DD27P>
     <VIEWNAME>ZRS_D_3TT_VERRCH</VIEWNAME>
     <OBJPOS>0027</OBJPOS>
     <DDLANGUAGE>E</DDLANGUAGE>
     <VIEWFIELD>LASTCHANGEDON</VIEWFIELD>
     <TABNAME>ZRS_3TT_ABRUFPOS</TABNAME>
     <FIELDNAME>LASTCHANGEDON</FIELDNAME>
     <KEYFLAG>X</KEYFLAG>
     <ROLLNAME>TIMESTAMP</ROLLNAME>
     <ROLLNAMEVI>TIMESTAMP</ROLLNAMEVI>
    </DD27P>
    <DD27P>
     <VIEWNAME>ZRS_D_3TT_VERRCH</VIEWNAME>
     <OBJPOS>0028</OBJPOS>
     <DDLANGUAGE>E</DDLANGUAGE>
     <VIEWFIELD>LIEFERANTEIL</VIEWFIELD>
     <TABNAME>ZRS_3TT_VERRCHNG</TABNAME>
     <FIELDNAME>LIEFERANTEIL</FIELDNAME>
     <KEYFLAG>X</KEYFLAG>
     <ROLLNAME>ZRS_3TT_DE_LIEFERANTEIL</ROLLNAME>
     <ROLLNAMEVI>ZRS_3TT_DE_LIEFERANTEIL</ROLLNAMEVI>
    </DD27P>
    <DD27P>
     <VIEWNAME>ZRS_D_3TT_VERRCH</VIEWNAME>
     <OBJPOS>0029</OBJPOS>
     <DDLANGUAGE>E</DDLANGUAGE>
     <VIEWFIELD>LIEFERDATUM</VIEWFIELD>
     <TABNAME>ZRS_3TT_VERRCHNG</TABNAME>
     <FIELDNAME>LIEFERDATUM</FIELDNAME>
     <ROLLNAME>ZRS_3TT_DE_LIEFERDATUM</ROLLNAME>
     <ROLLNAMEVI>ZRS_3TT_DE_LIEFERDATUM</ROLLNAMEVI>
     <SHLPORIGIN>T</SHLPORIGIN>
    </DD27P>
    <DD27P>
     <VIEWNAME>ZRS_D_3TT_VERRCH</VIEWNAME>
     <OBJPOS>0030</OBJPOS>
     <DDLANGUAGE>E</DDLANGUAGE>
     <VIEWFIELD>ABNAHMEDATUM</VIEWFIELD>
     <TABNAME>ZRS_3TT_VERRCHNG</TABNAME>
     <FIELDNAME>ABNAHMEDATUM</FIELDNAME>
     <ROLLNAME>ZRS_3TT_DE_ABNAHMDATM</ROLLNAME>
     <ROLLNAMEVI>ZRS_3TT_DE_ABNAHMDATM</ROLLNAMEVI>
     <SHLPORIGIN>T</SHLPORIGIN>
    </DD27P>
    <DD27P>
     <VIEWNAME>ZRS_D_3TT_VERRCH</VIEWNAME>
     <OBJPOS>0031</OBJPOS>
     <DDLANGUAGE>E</DDLANGUAGE>
     <VIEWFIELD>KZ_NICHTABGENOMMEN</VIEWFIELD>
     <TABNAME>ZRS_3TT_VERRCHNG</TABNAME>
     <FIELDNAME>KZ_NICHTABGENOMMEN</FIELDNAME>
     <ROLLNAME>ZRS_3TT_DE_KZNICHTBGN</ROLLNAME>
     <ROLLNAMEVI>ZRS_3TT_DE_KZNICHTBGN</ROLLNAMEVI>
    </DD27P>
    <DD27P>
     <VIEWNAME>ZRS_D_3TT_VERRCH</VIEWNAME>
     <OBJPOS>0032</OBJPOS>
     <DDLANGUAGE>E</DDLANGUAGE>
     <VIEWFIELD>KZ_VERRECHNET</VIEWFIELD>
     <TABNAME>ZRS_3TT_VERRCHNG</TABNAME>
     <FIELDNAME>KZ_VERRECHNET</FIELDNAME>
     <ROLLNAME>ZRS_3TT_DE_KZVERRECHN</ROLLNAME>
     <ROLLNAMEVI>ZRS_3TT_DE_KZVERRECHN</ROLLNAMEVI>
    </DD27P>
    <DD27P>
     <VIEWNAME>ZRS_D_3TT_VERRCH</VIEWNAME>
     <OBJPOS>0033</OBJPOS>
     <DDLANGUAGE>E</DDLANGUAGE>
     <VIEWFIELD>VERRECHNUNGSDATUM</VIEWFIELD>
     <TABNAME>ZRS_3TT_VERRCHNG</TABNAME>
     <FIELDNAME>VERRECHNUNGSDATUM</FIELDNAME>
     <ROLLNAME>ZRS_3TT_DE_VRCHNGSDAT</ROLLNAME>
     <ROLLNAMEVI>ZRS_3TT_DE_VRCHNGSDAT</ROLLNAMEVI>
     <SHLPORIGIN>T</SHLPORIGIN>
    </DD27P>
    <DD27P>
     <VIEWNAME>ZRS_D_3TT_VERRCH</VIEWNAME>
     <OBJPOS>0034</OBJPOS>
     <DDLANGUAGE>E</DDLANGUAGE>
     <VIEWFIELD>WERT_POSITION</VIEWFIELD>
     <TABNAME>ZRS_3TT_VERRCHNG</TABNAME>
     <FIELDNAME>WERT_POSITION</FIELDNAME>
     <ROLLNAME>ZRS_3TT_DE_WERTPOST</ROLLNAME>
     <ROLLNAMEVI>ZRS_3TT_DE_WERTPOST</ROLLNAMEVI>
     <REFTABLE>ZRS_3TT_VERRCHNG</REFTABLE>
     <REFFIELD>EINHEIT_WERT</REFFIELD>
    </DD27P>
    <DD27P>
     <VIEWNAME>ZRS_D_3TT_VERRCH</VIEWNAME>
     <OBJPOS>0035</OBJPOS>
     <DDLANGUAGE>E</DDLANGUAGE>
     <VIEWFIELD>KOSTEN_POSITION</VIEWFIELD>
     <TABNAME>ZRS_3TT_VERRCHNG</TABNAME>
     <FIELDNAME>KOSTEN_POSITION</FIELDNAME>
     <ROLLNAME>ZRS_3TT_DE_KOSTENPOST</ROLLNAME>
     <ROLLNAMEVI>ZRS_3TT_DE_KOSTENPOST</ROLLNAMEVI>
     <REFTABLE>ZRS_3TT_VERRCHNG</REFTABLE>
     <REFFIELD>WAEHRUNG</REFFIELD>
    </DD27P>
    <DD27P>
     <VIEWNAME>ZRS_D_3TT_VERRCH</VIEWNAME>
     <OBJPOS>0036</OBJPOS>
     <DDLANGUAGE>E</DDLANGUAGE>
     <VIEWFIELD>EINHEIT_WERT</VIEWFIELD>
     <TABNAME>ZRS_3TT_VERRCHNG</TABNAME>
     <FIELDNAME>EINHEIT_WERT</FIELDNAME>
     <ROLLNAME>ZRS_3TT_DE_EINHTWERT</ROLLNAME>
     <ROLLNAMEVI>ZRS_3TT_DE_EINHTWERT</ROLLNAMEVI>
    </DD27P>
    <DD27P>
     <VIEWNAME>ZRS_D_3TT_VERRCH</VIEWNAME>
     <OBJPOS>0037</OBJPOS>
     <DDLANGUAGE>E</DDLANGUAGE>
     <VIEWFIELD>WAEHRUNG</VIEWFIELD>
     <TABNAME>ZRS_3TT_VERRCHNG</TABNAME>
     <FIELDNAME>WAEHRUNG</FIELDNAME>
     <ROLLNAME>ZRS_3TT_DE_WAHRUNG</ROLLNAME>
     <ROLLNAMEVI>ZRS_3TT_DE_WAHRUNG</ROLLNAMEVI>
    </DD27P>
    <DD27P>
     <VIEWNAME>ZRS_D_3TT_VERRCH</VIEWNAME>
     <OBJPOS>0038</OBJPOS>
     <DDLANGUAGE>E</DDLANGUAGE>
     <VIEWFIELD>KOSTEN_ANTEIL</VIEWFIELD>
     <TABNAME>ZRS_3TT_VERRCHNG</TABNAME>
     <FIELDNAME>KOSTEN_ANTEIL</FIELDNAME>
     <ROLLNAME>ZRS_3TT_DE_KOSTENPOST</ROLLNAME>
     <ROLLNAMEVI>ZRS_3TT_DE_KOSTENPOST</ROLLNAMEVI>
     <REFTABLE>ZRS_3TT_VERRCHNG</REFTABLE>
     <REFFIELD>WAEHRUNG</REFFIELD>
    </DD27P>
    <DD27P>
     <VIEWNAME>ZRS_D_3TT_VERRCH</VIEWNAME>
     <OBJPOS>0039</OBJPOS>
     <DDLANGUAGE>E</DDLANGUAGE>
     <VIEWFIELD>WERT_POS_ANTEIL</VIEWFIELD>
     <TABNAME>ZRS_3TT_VERRCHNG</TABNAME>
     <FIELDNAME>WERT_POS_ANTEIL</FIELDNAME>
     <ROLLNAME>ZRS_3TT_DE_WERTPOST</ROLLNAME>
     <ROLLNAMEVI>ZRS_3TT_DE_WERTPOST</ROLLNAMEVI>
     <REFTABLE>ZRS_3TT_VERRCHNG</REFTABLE>
     <REFFIELD>EINHEIT_WERT</REFFIELD>
    </DD27P>
   </DD27P_TABLE>
   <DD28J_TABLE>
    <DD28J>
     <VIEWNAME>ZRS_D_3TT_VERRCH</VIEWNAME>
     <LTAB>ZRS_3TT_ABRUFPOS</LTAB>
     <LFIELD>MANDT</LFIELD>
     <OPERATOR>EQ</OPERATOR>
     <RTAB>ZRS_3TT_VERRCHNG</RTAB>
     <RFIELD>MANDT</RFIELD>
     <SOURCE>S</SOURCE>
    </DD28J>
    <DD28J>
     <VIEWNAME>ZRS_D_3TT_VERRCH</VIEWNAME>
     <LTAB>ZRS_3TT_ABRUFPOS</LTAB>
     <LFIELD>ABRUFNUMMER</LFIELD>
     <OPERATOR>EQ</OPERATOR>
     <RTAB>ZRS_3TT_VERRCHNG</RTAB>
     <RFIELD>ABRUFNUMMER</RFIELD>
     <SOURCE>S</SOURCE>
    </DD28J>
    <DD28J>
     <VIEWNAME>ZRS_D_3TT_VERRCH</VIEWNAME>
     <LTAB>ZRS_3TT_ABRUFPOS</LTAB>
     <LFIELD>ABRUFPOSITION</LFIELD>
     <OPERATOR>EQ</OPERATOR>
     <RTAB>ZRS_3TT_VERRCHNG</RTAB>
     <RFIELD>ABRUFPOSITION</RFIELD>
     <SOURCE>S</SOURCE>
    </DD28J>
   </DD28J_TABLE>
  </asx:values>
 </asx:abap>
</abapGit>
