﻿<?xml version="1.0" encoding="utf-8"?>
<abapGit version="v1.0.0" serializer="LCL_OBJECT_MSAG" serializer_version="v1.0.0">
 <asx:abap xmlns:asx="http://www.sap.com/abapxml" version="1.0">
  <asx:values>
   <T100A>
    <ARBGB>ZRS_3</ARBGB>
    <MASTERLANG>D</MASTERLANG>
    <STEXT>Trichtertool: Nachrichten</STEXT>
   </T100A>
   <T100>
    <T100>
     <SPRSL>E</SPRSL>
     <ARBGB>ZRS_3</ARBGB>
     <MSGNR>001</MSGNR>
     <TEXT>Project Number &amp;1 created</TEXT>
    </T100>
    <T100>
     <SPRSL>E</SPRSL>
     <ARBGB>ZRS_3</ARBGB>
     <MSGNR>002</MSGNR>
     <TEXT>Project creation error</TEXT>
    </T100>
    <T100>
     <SPRSL>E</SPRSL>
     <ARBGB>ZRS_3</ARBGB>
     <MSGNR>003</MSGNR>
     <TEXT>Project Number Generation Error</TEXT>
    </T100>
    <T100>
     <SPRSL>E</SPRSL>
     <ARBGB>ZRS_3</ARBGB>
     <MSGNR>004</MSGNR>
     <TEXT>Project number &amp;1 updated</TEXT>
    </T100>
    <T100>
     <SPRSL>E</SPRSL>
     <ARBGB>ZRS_3</ARBGB>
     <MSGNR>005</MSGNR>
     <TEXT>Project Number &amp;1 update error</TEXT>
    </T100>
    <T100>
     <SPRSL>E</SPRSL>
     <ARBGB>ZRS_3</ARBGB>
     <MSGNR>006</MSGNR>
     <TEXT>Artikel not created. Please try again.</TEXT>
    </T100>
    <T100>
     <SPRSL>E</SPRSL>
     <ARBGB>ZRS_3</ARBGB>
     <MSGNR>007</MSGNR>
     <TEXT>Artikel  text not created. Please try again.</TEXT>
    </T100>
    <T100>
     <SPRSL>E</SPRSL>
     <ARBGB>ZRS_3</ARBGB>
     <MSGNR>008</MSGNR>
     <TEXT>Start Date must not be empty or initial value.</TEXT>
    </T100>
    <T100>
     <SPRSL>E</SPRSL>
     <ARBGB>ZRS_3</ARBGB>
     <MSGNR>009</MSGNR>
     <TEXT>End Date must not be empty or initial value.</TEXT>
    </T100>
    <T100>
     <SPRSL>E</SPRSL>
     <ARBGB>ZRS_3</ARBGB>
     <MSGNR>010</MSGNR>
     <TEXT>End Date must be greater or equal to start date.</TEXT>
    </T100>
    <T100>
     <SPRSL>E</SPRSL>
     <ARBGB>ZRS_3</ARBGB>
     <MSGNR>011</MSGNR>
     <TEXT>Description Field must not be empty.</TEXT>
    </T100>
    <T100>
     <SPRSL>E</SPRSL>
     <ARBGB>ZRS_3</ARBGB>
     <MSGNR>012</MSGNR>
     <TEXT>Service Object must not be empty or initial value.</TEXT>
    </T100>
    <T100>
     <SPRSL>E</SPRSL>
     <ARBGB>ZRS_3</ARBGB>
     <MSGNR>013</MSGNR>
     <TEXT>Complexity must not be empty or initial value.</TEXT>
    </T100>
    <T100>
     <SPRSL>E</SPRSL>
     <ARBGB>ZRS_3</ARBGB>
     <MSGNR>014</MSGNR>
     <TEXT>Category must not be empty or initial value.</TEXT>
    </T100>
    <T100>
     <SPRSL>E</SPRSL>
     <ARBGB>ZRS_3</ARBGB>
     <MSGNR>015</MSGNR>
     <TEXT>Value field must not be empty or initial value.</TEXT>
    </T100>
    <T100>
     <SPRSL>E</SPRSL>
     <ARBGB>ZRS_3</ARBGB>
     <MSGNR>016</MSGNR>
     <TEXT>Unit field must not be empty or initial value.</TEXT>
    </T100>
    <T100>
     <SPRSL>E</SPRSL>
     <ARBGB>ZRS_3</ARBGB>
     <MSGNR>017</MSGNR>
     <TEXT>Contract field must not be empty or initial value.</TEXT>
    </T100>
    <T100>
     <SPRSL>E</SPRSL>
     <ARBGB>ZRS_3</ARBGB>
     <MSGNR>018</MSGNR>
     <TEXT>No record(s) found for update.</TEXT>
    </T100>
    <T100>
     <SPRSL>E</SPRSL>
     <ARBGB>ZRS_3</ARBGB>
     <MSGNR>019</MSGNR>
     <TEXT>Combination of delivery object, complexity &amp; category should appear once.</TEXT>
    </T100>
    <T100>
     <SPRSL>E</SPRSL>
     <ARBGB>ZRS_3</ARBGB>
     <MSGNR>020</MSGNR>
     <TEXT>Artikel Number must not be empty.</TEXT>
    </T100>
    <T100>
     <SPRSL>E</SPRSL>
     <ARBGB>ZRS_3</ARBGB>
     <MSGNR>021</MSGNR>
     <TEXT>Incorrect Artikel Number entry.</TEXT>
    </T100>
    <T100>
     <SPRSL>E</SPRSL>
     <ARBGB>ZRS_3</ARBGB>
     <MSGNR>022</MSGNR>
     <TEXT>Start Date should be greater the start date of the current timeslice.</TEXT>
    </T100>
    <T100>
     <SPRSL>E</SPRSL>
     <ARBGB>ZRS_3</ARBGB>
     <MSGNR>023</MSGNR>
     <TEXT>Changes in the service object field not allowed.</TEXT>
    </T100>
    <T100>
     <SPRSL>E</SPRSL>
     <ARBGB>ZRS_3</ARBGB>
     <MSGNR>024</MSGNR>
     <TEXT>Changes in the complexity field not allowed.</TEXT>
    </T100>
    <T100>
     <SPRSL>E</SPRSL>
     <ARBGB>ZRS_3</ARBGB>
     <MSGNR>025</MSGNR>
     <TEXT>Changes in the category field not allowed.</TEXT>
    </T100>
    <T100>
     <SPRSL>E</SPRSL>
     <ARBGB>ZRS_3</ARBGB>
     <MSGNR>026</MSGNR>
     <TEXT>Changes in Start Date field not allowed.</TEXT>
    </T100>
    <T100>
     <SPRSL>E</SPRSL>
     <ARBGB>ZRS_3</ARBGB>
     <MSGNR>027</MSGNR>
     <TEXT>Changes in Value field not allowed.</TEXT>
    </T100>
    <T100>
     <SPRSL>E</SPRSL>
     <ARBGB>ZRS_3</ARBGB>
     <MSGNR>028</MSGNR>
     <TEXT>Changes in Unit field not allowed.</TEXT>
    </T100>
    <T100>
     <SPRSL>E</SPRSL>
     <ARBGB>ZRS_3</ARBGB>
     <MSGNR>029</MSGNR>
     <TEXT>System Failure during RFC call</TEXT>
    </T100>
    <T100>
     <SPRSL>E</SPRSL>
     <ARBGB>ZRS_3</ARBGB>
     <MSGNR>030</MSGNR>
     <TEXT>Communication Error during RFC call</TEXT>
    </T100>
    <T100>
     <SPRSL>E</SPRSL>
     <ARBGB>ZRS_3</ARBGB>
     <MSGNR>031</MSGNR>
     <TEXT>Exception when calling RFC</TEXT>
    </T100>
    <T100>
     <SPRSL>E</SPRSL>
     <ARBGB>ZRS_3</ARBGB>
     <MSGNR>032</MSGNR>
     <TEXT>No previous month adjusted</TEXT>
    </T100>
    <T100>
     <SPRSL>E</SPRSL>
     <ARBGB>ZRS_3</ARBGB>
     <MSGNR>035</MSGNR>
     <TEXT>Abruf Kopf Data was not recorded.</TEXT>
    </T100>
    <T100>
     <SPRSL>E</SPRSL>
     <ARBGB>ZRS_3</ARBGB>
     <MSGNR>036</MSGNR>
     <TEXT>Abruf Number must not be empty.</TEXT>
    </T100>
    <T100>
     <SPRSL>E</SPRSL>
     <ARBGB>ZRS_3</ARBGB>
     <MSGNR>038</MSGNR>
     <TEXT>Error generating output</TEXT>
    </T100>
    <T100>
     <SPRSL>E</SPRSL>
     <ARBGB>ZRS_3</ARBGB>
     <MSGNR>039</MSGNR>
     <TEXT>NotifyPL:true</TEXT>
    </T100>
    <T100>
     <SPRSL>E</SPRSL>
     <ARBGB>ZRS_3</ARBGB>
     <MSGNR>043</MSGNR>
     <TEXT>You are not allowed to run this program</TEXT>
    </T100>
    <T100>
     <SPRSL>E</SPRSL>
     <ARBGB>ZRS_3</ARBGB>
     <MSGNR>044</MSGNR>
     <TEXT>Project Number must not be empty.</TEXT>
    </T100>
    <T100>
     <SPRSL>E</SPRSL>
     <ARBGB>ZRS_3</ARBGB>
     <MSGNR>045</MSGNR>
     <TEXT>Project is not active</TEXT>
    </T100>
    <T100>
     <SPRSL>E</SPRSL>
     <ARBGB>ZRS_3</ARBGB>
     <MSGNR>046</MSGNR>
     <TEXT>Abruf Status does not exists.</TEXT>
    </T100>
    <T100>
     <SPRSL>E</SPRSL>
     <ARBGB>ZRS_3</ARBGB>
     <MSGNR>047</MSGNR>
     <TEXT>Individual Contract invalid.</TEXT>
    </T100>
    <T100>
     <SPRSL>E</SPRSL>
     <ARBGB>ZRS_3</ARBGB>
     <MSGNR>048</MSGNR>
     <TEXT>Individual Contract must not be empty.</TEXT>
    </T100>
    <T100>
     <SPRSL>E</SPRSL>
     <ARBGB>ZRS_3</ARBGB>
     <MSGNR>049</MSGNR>
     <TEXT>Account Element Type invalid.</TEXT>
    </T100>
    <T100>
     <SPRSL>E</SPRSL>
     <ARBGB>ZRS_3</ARBGB>
     <MSGNR>050</MSGNR>
     <TEXT>Account Element invalid.</TEXT>
    </T100>
    <T100>
     <SPRSL>E</SPRSL>
     <ARBGB>ZRS_3</ARBGB>
     <MSGNR>051</MSGNR>
     <TEXT>Abruf number does not exists.</TEXT>
    </T100>
    <T100>
     <SPRSL>E</SPRSL>
     <ARBGB>ZRS_3</ARBGB>
     <MSGNR>052</MSGNR>
     <TEXT>Vorhaben Table was not updated successfully.</TEXT>
    </T100>
   </T100>
   <I18N_LANGS>
    <LANGU>D</LANGU>
   </I18N_LANGS>
   <T100T>
    <T100T>
     <SPRSL>D</SPRSL>
     <ARBGB>ZRS_3</ARBGB>
     <STEXT>Trichtertool: Nachrichten</STEXT>
    </T100T>
   </T100T>
   <T100_TEXTS>
    <item>
     <SPRSL>D</SPRSL>
     <MSGNR>000</MSGNR>
     <TEXT>&amp; &amp; &amp; &amp;</TEXT>
    </item>
    <item>
     <SPRSL>D</SPRSL>
     <MSGNR>001</MSGNR>
     <TEXT>Projektnummer &amp;1 wurde erstellt.</TEXT>
    </item>
    <item>
     <SPRSL>D</SPRSL>
     <MSGNR>002</MSGNR>
     <TEXT>Fehler bei der Erstellung des Vorhabens.</TEXT>
    </item>
    <item>
     <SPRSL>D</SPRSL>
     <MSGNR>003</MSGNR>
     <TEXT>Vorhabensnummer &amp;1 wurde aktualisiert.</TEXT>
    </item>
    <item>
     <SPRSL>D</SPRSL>
     <MSGNR>004</MSGNR>
     <TEXT>Projektnummer &amp;1 wurden aktualisiert.</TEXT>
    </item>
    <item>
     <SPRSL>D</SPRSL>
     <MSGNR>005</MSGNR>
     <TEXT>Fehler bei der Aktualisierung der Vorhabensnummer &amp;1.</TEXT>
    </item>
    <item>
     <SPRSL>D</SPRSL>
     <MSGNR>006</MSGNR>
     <TEXT>Artikel wurde nicht erstellt. Bitte versuche nochmal!</TEXT>
    </item>
    <item>
     <SPRSL>D</SPRSL>
     <MSGNR>007</MSGNR>
     <TEXT>Artikel Text wurde nicht erstellt. Bitte versuche nomal!</TEXT>
    </item>
    <item>
     <SPRSL>D</SPRSL>
     <MSGNR>008</MSGNR>
     <TEXT>Start-Datum darf nicht leer sein. Gültiger Eintrag ist gefragt.</TEXT>
    </item>
    <item>
     <SPRSL>D</SPRSL>
     <MSGNR>009</MSGNR>
     <TEXT>End-Datum darf nicht leer sein. Gültiger Eintrag ist gefragt.</TEXT>
    </item>
    <item>
     <SPRSL>D</SPRSL>
     <MSGNR>010</MSGNR>
     <TEXT>Enddatum muss später or gleich als Startdatum.</TEXT>
    </item>
    <item>
     <SPRSL>D</SPRSL>
     <MSGNR>011</MSGNR>
     <TEXT>Beschreibung-Feld darf nicht leer sein.</TEXT>
    </item>
    <item>
     <SPRSL>D</SPRSL>
     <MSGNR>012</MSGNR>
     <TEXT>ServiceObjekt darf nicht leer sein.</TEXT>
    </item>
    <item>
     <SPRSL>D</SPRSL>
     <MSGNR>013</MSGNR>
     <TEXT>Komplexität darf nicht leer sein.</TEXT>
    </item>
    <item>
     <SPRSL>D</SPRSL>
     <MSGNR>014</MSGNR>
     <TEXT>Kategorie darf nicht leer sein.</TEXT>
    </item>
    <item>
     <SPRSL>D</SPRSL>
     <MSGNR>015</MSGNR>
     <TEXT>Wert Feld darf nicht leer sein.</TEXT>
    </item>
    <item>
     <SPRSL>D</SPRSL>
     <MSGNR>016</MSGNR>
     <TEXT>Einheit Feld darf nicht leer sein.</TEXT>
    </item>
    <item>
     <SPRSL>D</SPRSL>
     <MSGNR>017</MSGNR>
     <TEXT>Vertrag Feld darf nicht leer sein.</TEXT>
    </item>
    <item>
     <SPRSL>D</SPRSL>
     <MSGNR>018</MSGNR>
     <TEXT>Keine Rekord gefunden.</TEXT>
    </item>
    <item>
     <SPRSL>D</SPRSL>
     <MSGNR>019</MSGNR>
     <TEXT>Kombination vom Katalogs darf nur einmailg dargestellt werden.</TEXT>
    </item>
    <item>
     <SPRSL>D</SPRSL>
     <MSGNR>020</MSGNR>
     <TEXT>Artikel Nummer darf nicht leer sein.</TEXT>
    </item>
    <item>
     <SPRSL>D</SPRSL>
     <MSGNR>021</MSGNR>
     <TEXT>Ungültige Artikel-Nummer</TEXT>
    </item>
    <item>
     <SPRSL>D</SPRSL>
     <MSGNR>022</MSGNR>
     <TEXT>Eingetragenes Start-Datum muss später als Start-Datum vom Zeitscheibe.</TEXT>
    </item>
    <item>
     <SPRSL>D</SPRSL>
     <MSGNR>023</MSGNR>
     <TEXT>Änderungen im ServiceObjekt Feld sind nicht erlaubt.</TEXT>
    </item>
    <item>
     <SPRSL>D</SPRSL>
     <MSGNR>024</MSGNR>
     <TEXT>Änderungen im Komplexität Feld sind nicht erlaubt.</TEXT>
    </item>
    <item>
     <SPRSL>D</SPRSL>
     <MSGNR>025</MSGNR>
     <TEXT>Änderungen im Kategorie Feld sind nicht erlaubt.</TEXT>
    </item>
    <item>
     <SPRSL>D</SPRSL>
     <MSGNR>026</MSGNR>
     <TEXT>Änderungen im Start-Datum Feld sind nicht erlaubt.</TEXT>
    </item>
    <item>
     <SPRSL>D</SPRSL>
     <MSGNR>027</MSGNR>
     <TEXT>Änderungen in Wert Feld sind nicht erlaubt.</TEXT>
    </item>
    <item>
     <SPRSL>D</SPRSL>
     <MSGNR>028</MSGNR>
     <TEXT>Änderungen im Einheit Feld sind nicht erlaubt.</TEXT>
    </item>
    <item>
     <SPRSL>D</SPRSL>
     <MSGNR>029</MSGNR>
     <TEXT>Systemfehler während des RFC-Aufrufs</TEXT>
    </item>
    <item>
     <SPRSL>D</SPRSL>
     <MSGNR>030</MSGNR>
     <TEXT>Kommunikationsfehler beim RFC-Aufruf</TEXT>
    </item>
    <item>
     <SPRSL>D</SPRSL>
     <MSGNR>031</MSGNR>
     <TEXT>Ausnahme beim RFC-Aufruf</TEXT>
    </item>
    <item>
     <SPRSL>D</SPRSL>
     <MSGNR>032</MSGNR>
     <TEXT>Keine Vormonate selektiert / angepasst</TEXT>
    </item>
    <item>
     <SPRSL>D</SPRSL>
     <MSGNR>033</MSGNR>
     <TEXT>Fehler bei der Aktualisieren der Forecast Werte im Vorhabenskopf</TEXT>
    </item>
    <item>
     <SPRSL>D</SPRSL>
     <MSGNR>034</MSGNR>
     <TEXT>Fehler bei der Aktualisierung der Forecast Werte</TEXT>
    </item>
    <item>
     <SPRSL>D</SPRSL>
     <MSGNR>035</MSGNR>
     <TEXT>Abruf Kopf Data wurde nicht aufgezeichnet.</TEXT>
    </item>
    <item>
     <SPRSL>D</SPRSL>
     <MSGNR>036</MSGNR>
     <TEXT>Abruf Nummer darf nicht leer sein.</TEXT>
    </item>
    <item>
     <SPRSL>D</SPRSL>
     <MSGNR>037</MSGNR>
     <TEXT>Abruf Position daten wurden nicht aktualisiert.</TEXT>
    </item>
    <item>
     <SPRSL>D</SPRSL>
     <MSGNR>038</MSGNR>
     <TEXT>Fehler erzeugende Ausgabe</TEXT>
    </item>
    <item>
     <SPRSL>D</SPRSL>
     <MSGNR>039</MSGNR>
     <TEXT>NotifyPL:true</TEXT>
    </item>
    <item>
     <SPRSL>D</SPRSL>
     <MSGNR>040</MSGNR>
     <TEXT>Fehler bei Erstellen der forecast</TEXT>
    </item>
    <item>
     <SPRSL>D</SPRSL>
     <MSGNR>041</MSGNR>
     <TEXT>Daten nicht gefunden</TEXT>
    </item>
    <item>
     <SPRSL>D</SPRSL>
     <MSGNR>042</MSGNR>
     <TEXT>Fehler beim Tabellen-Update</TEXT>
    </item>
    <item>
     <SPRSL>D</SPRSL>
     <MSGNR>043</MSGNR>
     <TEXT>Sie dürfen dieses Programm nicht ausführen</TEXT>
    </item>
    <item>
     <SPRSL>D</SPRSL>
     <MSGNR>044</MSGNR>
     <TEXT>Project Nummer darf nicht leer sein.</TEXT>
    </item>
    <item>
     <SPRSL>D</SPRSL>
     <MSGNR>045</MSGNR>
     <TEXT>Project ist nicht aktiv.</TEXT>
    </item>
    <item>
     <SPRSL>D</SPRSL>
     <MSGNR>046</MSGNR>
     <TEXT>Abruf Status existiert nicht.</TEXT>
    </item>
    <item>
     <SPRSL>D</SPRSL>
     <MSGNR>047</MSGNR>
     <TEXT>Individual Contract ungultig.</TEXT>
    </item>
    <item>
     <SPRSL>D</SPRSL>
     <MSGNR>048</MSGNR>
     <TEXT>Individual Contract darf nicht leer sein.</TEXT>
    </item>
    <item>
     <SPRSL>D</SPRSL>
     <MSGNR>049</MSGNR>
     <TEXT>Account Element Type ungultig.</TEXT>
    </item>
    <item>
     <SPRSL>D</SPRSL>
     <MSGNR>050</MSGNR>
     <TEXT>Account Element ungultig.</TEXT>
    </item>
    <item>
     <SPRSL>D</SPRSL>
     <MSGNR>051</MSGNR>
     <TEXT>Abruf Nummer existiert nicht.</TEXT>
    </item>
    <item>
     <SPRSL>D</SPRSL>
     <MSGNR>052</MSGNR>
     <TEXT>Vorhaben Table wurde nicht erfolgreich aktualisiert.</TEXT>
    </item>
   </T100_TEXTS>
  </asx:values>
 </asx:abap>
</abapGit>
