﻿<?xml version="1.0" encoding="utf-8"?>
<abapGit version="v1.0.0" serializer="LCL_OBJECT_VIEW" serializer_version="v1.0.0">
 <asx:abap xmlns:asx="http://www.sap.com/abapxml" version="1.0">
  <asx:values>
   <DD25V>
    <VIEWNAME>ZRS_D_3TT_ABRUFV</VIEWNAME>
    <AS4LOCAL>A</AS4LOCAL>
    <AGGTYPE>V</AGGTYPE>
    <ROOTTAB>ZRS_3TT_VORHABEN</ROOTTAB>
    <VIEWCLASS>D</VIEWCLASS>
    <VIEWGRANT>R</VIEWGRANT>
   </DD25V>
   <DD26V_TABLE>
    <DD26V>
     <VIEWNAME>ZRS_D_3TT_ABRUFV</VIEWNAME>
     <TABNAME>ZRS_3TT_VORHABEN</TABNAME>
     <TABPOS>0001</TABPOS>
     <FORTABNAME>ZRS_3TT_VORHABEN</FORTABNAME>
    </DD26V>
    <DD26V>
     <VIEWNAME>ZRS_D_3TT_ABRUFV</VIEWNAME>
     <TABNAME>ZRS_3TT_ABRUFKOP</TABNAME>
     <TABPOS>0002</TABPOS>
    </DD26V>
   </DD26V_TABLE>
   <DD27P_TABLE>
    <DD27P>
     <VIEWNAME>ZRS_D_3TT_ABRUFV</VIEWNAME>
     <OBJPOS>0001</OBJPOS>
     <DDLANGUAGE>E</DDLANGUAGE>
     <VIEWFIELD>MANDT</VIEWFIELD>
     <TABNAME>ZRS_3TT_VORHABEN</TABNAME>
     <FIELDNAME>MANDT</FIELDNAME>
     <KEYFLAG>X</KEYFLAG>
     <ROLLNAME>ZRS_3TT_DE_MANDT</ROLLNAME>
     <ROLLNAMEVI>ZRS_3TT_DE_MANDT</ROLLNAMEVI>
    </DD27P>
    <DD27P>
     <VIEWNAME>ZRS_D_3TT_ABRUFV</VIEWNAME>
     <OBJPOS>0002</OBJPOS>
     <DDLANGUAGE>E</DDLANGUAGE>
     <VIEWFIELD>VORHABENSNUMMER</VIEWFIELD>
     <TABNAME>ZRS_3TT_VORHABEN</TABNAME>
     <FIELDNAME>VORHABENSNUMMER</FIELDNAME>
     <KEYFLAG>X</KEYFLAG>
     <ROLLNAME>ZRS_3TT_DE_VRHBNSNMMR</ROLLNAME>
     <ROLLNAMEVI>ZRS_3TT_DE_VRHBNSNMMR</ROLLNAMEVI>
    </DD27P>
    <DD27P>
     <VIEWNAME>ZRS_D_3TT_ABRUFV</VIEWNAME>
     <OBJPOS>0003</OBJPOS>
     <DDLANGUAGE>E</DDLANGUAGE>
     <VIEWFIELD>PPM_NUMMER</VIEWFIELD>
     <TABNAME>ZRS_3TT_VORHABEN</TABNAME>
     <FIELDNAME>PPM_NUMMER</FIELDNAME>
     <KEYFLAG>X</KEYFLAG>
     <ROLLNAME>ZRS_3TT_DE_PPMNUM</ROLLNAME>
     <ROLLNAMEVI>ZRS_3TT_DE_PPMNUM</ROLLNAMEVI>
    </DD27P>
    <DD27P>
     <VIEWNAME>ZRS_D_3TT_ABRUFV</VIEWNAME>
     <OBJPOS>0004</OBJPOS>
     <DDLANGUAGE>E</DDLANGUAGE>
     <VIEWFIELD>PROJEKTLEITER</VIEWFIELD>
     <TABNAME>ZRS_3TT_VORHABEN</TABNAME>
     <FIELDNAME>PROJEKTLEITER</FIELDNAME>
     <KEYFLAG>X</KEYFLAG>
     <ROLLNAME>ZRS_3TT_DE_PROJEKTLEITER</ROLLNAME>
     <ROLLNAMEVI>ZRS_3TT_DE_PROJEKTLEITER</ROLLNAMEVI>
    </DD27P>
    <DD27P>
     <VIEWNAME>ZRS_D_3TT_ABRUFV</VIEWNAME>
     <OBJPOS>0005</OBJPOS>
     <DDLANGUAGE>E</DDLANGUAGE>
     <VIEWFIELD>STV_PROJEKTLEITER</VIEWFIELD>
     <TABNAME>ZRS_3TT_VORHABEN</TABNAME>
     <FIELDNAME>STV_PROJEKTLEITER</FIELDNAME>
     <KEYFLAG>X</KEYFLAG>
     <ROLLNAME>ZRS_3TT_DE_STVPROJEKT</ROLLNAME>
     <ROLLNAMEVI>ZRS_3TT_DE_STVPROJEKT</ROLLNAMEVI>
    </DD27P>
    <DD27P>
     <VIEWNAME>ZRS_D_3TT_ABRUFV</VIEWNAME>
     <OBJPOS>0006</OBJPOS>
     <DDLANGUAGE>E</DDLANGUAGE>
     <VIEWFIELD>SOFTWARE_ARCHITEKT</VIEWFIELD>
     <TABNAME>ZRS_3TT_VORHABEN</TABNAME>
     <FIELDNAME>SOFTWARE_ARCHITEKT</FIELDNAME>
     <KEYFLAG>X</KEYFLAG>
     <ROLLNAME>ZRS_3TT_DE_SOFTARCH</ROLLNAME>
     <ROLLNAMEVI>ZRS_3TT_DE_SOFTARCH</ROLLNAMEVI>
    </DD27P>
    <DD27P>
     <VIEWNAME>ZRS_D_3TT_ABRUFV</VIEWNAME>
     <OBJPOS>0007</OBJPOS>
     <DDLANGUAGE>E</DDLANGUAGE>
     <VIEWFIELD>STV_SWA</VIEWFIELD>
     <TABNAME>ZRS_3TT_VORHABEN</TABNAME>
     <FIELDNAME>STV_SWA</FIELDNAME>
     <KEYFLAG>X</KEYFLAG>
     <ROLLNAME>ZRS_3TT_DE_STVSWA</ROLLNAME>
     <ROLLNAMEVI>ZRS_3TT_DE_STVSWA</ROLLNAMEVI>
    </DD27P>
    <DD27P>
     <VIEWNAME>ZRS_D_3TT_ABRUFV</VIEWNAME>
     <OBJPOS>0008</OBJPOS>
     <DDLANGUAGE>E</DDLANGUAGE>
     <VIEWFIELD>PROJEKT_FORECAST_AW</VIEWFIELD>
     <TABNAME>ZRS_3TT_VORHABEN</TABNAME>
     <FIELDNAME>PROJEKT_FORECAST_AW</FIELDNAME>
     <KEYFLAG>X</KEYFLAG>
     <ROLLNAME>ZRS_3TT_DE_PRJFRCSTAW</ROLLNAME>
     <ROLLNAMEVI>ZRS_3TT_DE_PRJFRCSTAW</ROLLNAMEVI>
    </DD27P>
    <DD27P>
     <VIEWNAME>ZRS_D_3TT_ABRUFV</VIEWNAME>
     <OBJPOS>0009</OBJPOS>
     <DDLANGUAGE>E</DDLANGUAGE>
     <VIEWFIELD>PROJEKT_FORECAST_TP</VIEWFIELD>
     <TABNAME>ZRS_3TT_VORHABEN</TABNAME>
     <FIELDNAME>PROJEKT_FORECAST_TP</FIELDNAME>
     <KEYFLAG>X</KEYFLAG>
     <ROLLNAME>ZRS_3TT_DE_PRJFRCSTTP</ROLLNAME>
     <ROLLNAMEVI>ZRS_3TT_DE_PRJFRCSTTP</ROLLNAMEVI>
    </DD27P>
    <DD27P>
     <VIEWNAME>ZRS_D_3TT_ABRUFV</VIEWNAME>
     <OBJPOS>0010</OBJPOS>
     <DDLANGUAGE>E</DDLANGUAGE>
     <VIEWFIELD>SERVICE_SPOC</VIEWFIELD>
     <TABNAME>ZRS_3TT_VORHABEN</TABNAME>
     <FIELDNAME>SERVICE_SPOC</FIELDNAME>
     <KEYFLAG>X</KEYFLAG>
     <ROLLNAME>ZRS_3TT_DE_SVCSPOC</ROLLNAME>
     <ROLLNAMEVI>ZRS_3TT_DE_SVCSPOC</ROLLNAMEVI>
    </DD27P>
    <DD27P>
     <VIEWNAME>ZRS_D_3TT_ABRUFV</VIEWNAME>
     <OBJPOS>0011</OBJPOS>
     <DDLANGUAGE>E</DDLANGUAGE>
     <VIEWFIELD>STV_SSPOC</VIEWFIELD>
     <TABNAME>ZRS_3TT_VORHABEN</TABNAME>
     <FIELDNAME>STV_SSPOC</FIELDNAME>
     <KEYFLAG>X</KEYFLAG>
     <ROLLNAME>ZRS_3TT_DE_STVSPOC</ROLLNAME>
     <ROLLNAMEVI>ZRS_3TT_DE_STVSPOC</ROLLNAMEVI>
    </DD27P>
    <DD27P>
     <VIEWNAME>ZRS_D_3TT_ABRUFV</VIEWNAME>
     <OBJPOS>0012</OBJPOS>
     <DDLANGUAGE>E</DDLANGUAGE>
     <VIEWFIELD>FUNKTIONALER_BEREICH</VIEWFIELD>
     <TABNAME>ZRS_3TT_VORHABEN</TABNAME>
     <FIELDNAME>FUNKTIONALER_BEREICH</FIELDNAME>
     <KEYFLAG>X</KEYFLAG>
     <ROLLNAME>ZRS_3TT_DE_FUNKBERCH</ROLLNAME>
     <ROLLNAMEVI>ZRS_3TT_DE_FUNKBERCH</ROLLNAMEVI>
     <SHLPORIGIN>F</SHLPORIGIN>
     <VALEXI>X</VALEXI>
    </DD27P>
    <DD27P>
     <VIEWNAME>ZRS_D_3TT_ABRUFV</VIEWNAME>
     <OBJPOS>0013</OBJPOS>
     <DDLANGUAGE>E</DDLANGUAGE>
     <VIEWFIELD>VERRECHNUNGSELEMENT_VOR</VIEWFIELD>
     <TABNAME>ZRS_3TT_VORHABEN</TABNAME>
     <FIELDNAME>VERRECHNUNGSELEMENT</FIELDNAME>
     <KEYFLAG>X</KEYFLAG>
     <ROLLNAME>ZRS_3TT_DE_VRCHNGSELM</ROLLNAME>
     <ROLLNAMEVI>ZRS_3TT_DE_VRCHNGSELM</ROLLNAMEVI>
    </DD27P>
    <DD27P>
     <VIEWNAME>ZRS_D_3TT_ABRUFV</VIEWNAME>
     <OBJPOS>0014</OBJPOS>
     <DDLANGUAGE>E</DDLANGUAGE>
     <VIEWFIELD>TYP_VERRECHNUNGSELEMENT_VOR</VIEWFIELD>
     <TABNAME>ZRS_3TT_VORHABEN</TABNAME>
     <FIELDNAME>TYP_VERRECHNUNGSELEMENT</FIELDNAME>
     <KEYFLAG>X</KEYFLAG>
     <ROLLNAME>ZRS_3TT_DE_TYPVERCHEL</ROLLNAME>
     <ROLLNAMEVI>ZRS_3TT_DE_TYPVERCHEL</ROLLNAMEVI>
     <SHLPORIGIN>F</SHLPORIGIN>
     <VALEXI>X</VALEXI>
    </DD27P>
    <DD27P>
     <VIEWNAME>ZRS_D_3TT_ABRUFV</VIEWNAME>
     <OBJPOS>0015</OBJPOS>
     <DDLANGUAGE>E</DDLANGUAGE>
     <VIEWFIELD>PROJEKTBEZEICHNUNG</VIEWFIELD>
     <TABNAME>ZRS_3TT_VORHABEN</TABNAME>
     <FIELDNAME>PROJEKTBEZEICHNUNG</FIELDNAME>
     <KEYFLAG>X</KEYFLAG>
     <ROLLNAME>ZRS_3TT_DE_PRJKTBCHNG</ROLLNAME>
     <ROLLNAMEVI>ZRS_3TT_DE_PRJKTBCHNG</ROLLNAMEVI>
    </DD27P>
    <DD27P>
     <VIEWNAME>ZRS_D_3TT_ABRUFV</VIEWNAME>
     <OBJPOS>0016</OBJPOS>
     <DDLANGUAGE>E</DDLANGUAGE>
     <VIEWFIELD>KOMMENTAR</VIEWFIELD>
     <TABNAME>ZRS_3TT_VORHABEN</TABNAME>
     <FIELDNAME>KOMMENTAR</FIELDNAME>
     <KEYFLAG>X</KEYFLAG>
     <ROLLNAME>ZRS_3TT_DE_KOMMENTAR</ROLLNAME>
     <ROLLNAMEVI>ZRS_3TT_DE_KOMMENTAR</ROLLNAMEVI>
    </DD27P>
    <DD27P>
     <VIEWNAME>ZRS_D_3TT_ABRUFV</VIEWNAME>
     <OBJPOS>0017</OBJPOS>
     <DDLANGUAGE>E</DDLANGUAGE>
     <VIEWFIELD>PROJEKT_START</VIEWFIELD>
     <TABNAME>ZRS_3TT_VORHABEN</TABNAME>
     <FIELDNAME>PROJEKT_START</FIELDNAME>
     <KEYFLAG>X</KEYFLAG>
     <ROLLNAME>ZRS_3TT_DE_PROJSTART</ROLLNAME>
     <ROLLNAMEVI>ZRS_3TT_DE_PROJSTART</ROLLNAMEVI>
     <SHLPORIGIN>T</SHLPORIGIN>
    </DD27P>
    <DD27P>
     <VIEWNAME>ZRS_D_3TT_ABRUFV</VIEWNAME>
     <OBJPOS>0018</OBJPOS>
     <DDLANGUAGE>E</DDLANGUAGE>
     <VIEWFIELD>PROJEKT_ENDE</VIEWFIELD>
     <TABNAME>ZRS_3TT_VORHABEN</TABNAME>
     <FIELDNAME>PROJEKT_ENDE</FIELDNAME>
     <KEYFLAG>X</KEYFLAG>
     <ROLLNAME>ZRS_3TT_DE_PROJEND</ROLLNAME>
     <ROLLNAMEVI>ZRS_3TT_DE_PROJEND</ROLLNAMEVI>
     <SHLPORIGIN>T</SHLPORIGIN>
    </DD27P>
    <DD27P>
     <VIEWNAME>ZRS_D_3TT_ABRUFV</VIEWNAME>
     <OBJPOS>0019</OBJPOS>
     <DDLANGUAGE>E</DDLANGUAGE>
     <VIEWFIELD>ENTWICKLUNGSSTART</VIEWFIELD>
     <TABNAME>ZRS_3TT_VORHABEN</TABNAME>
     <FIELDNAME>ENTWICKLUNGSSTART</FIELDNAME>
     <KEYFLAG>X</KEYFLAG>
     <ROLLNAME>ZRS_3TT_DE_ENTWKLNGST</ROLLNAME>
     <ROLLNAMEVI>ZRS_3TT_DE_ENTWKLNGST</ROLLNAMEVI>
     <SHLPORIGIN>T</SHLPORIGIN>
    </DD27P>
    <DD27P>
     <VIEWNAME>ZRS_D_3TT_ABRUFV</VIEWNAME>
     <OBJPOS>0020</OBJPOS>
     <DDLANGUAGE>E</DDLANGUAGE>
     <VIEWFIELD>STATUS</VIEWFIELD>
     <TABNAME>ZRS_3TT_VORHABEN</TABNAME>
     <FIELDNAME>STATUS</FIELDNAME>
     <KEYFLAG>X</KEYFLAG>
     <ROLLNAME>ZRS_3TT_DE_STATUS</ROLLNAME>
     <ROLLNAMEVI>ZRS_3TT_DE_STATUS</ROLLNAMEVI>
    </DD27P>
    <DD27P>
     <VIEWNAME>ZRS_D_3TT_ABRUFV</VIEWNAME>
     <OBJPOS>0021</OBJPOS>
     <DDLANGUAGE>E</DDLANGUAGE>
     <VIEWFIELD>ABRUFNUMMER</VIEWFIELD>
     <TABNAME>ZRS_3TT_ABRUFKOP</TABNAME>
     <FIELDNAME>ABRUFNUMMER</FIELDNAME>
     <KEYFLAG>X</KEYFLAG>
     <ROLLNAME>ZRS_3TT_DE_ABRUFNUMMR</ROLLNAME>
     <ROLLNAMEVI>ZRS_3TT_DE_ABRUFNUMMR</ROLLNAMEVI>
    </DD27P>
    <DD27P>
     <VIEWNAME>ZRS_D_3TT_ABRUFV</VIEWNAME>
     <OBJPOS>0022</OBJPOS>
     <DDLANGUAGE>E</DDLANGUAGE>
     <VIEWFIELD>ABGERUFEN_DURCH</VIEWFIELD>
     <TABNAME>ZRS_3TT_ABRUFKOP</TABNAME>
     <FIELDNAME>ABGERUFEN_DURCH</FIELDNAME>
     <ROLLNAME>ZRS_3TT_DE_ABGERUFEND</ROLLNAME>
     <ROLLNAMEVI>ZRS_3TT_DE_ABGERUFEND</ROLLNAMEVI>
    </DD27P>
    <DD27P>
     <VIEWNAME>ZRS_D_3TT_ABRUFV</VIEWNAME>
     <OBJPOS>0023</OBJPOS>
     <DDLANGUAGE>E</DDLANGUAGE>
     <VIEWFIELD>ABGERUFEN_AM</VIEWFIELD>
     <TABNAME>ZRS_3TT_ABRUFKOP</TABNAME>
     <FIELDNAME>ABGERUFEN_AM</FIELDNAME>
     <ROLLNAME>ZRS_3TT_DE_ABGERUFENA</ROLLNAME>
     <ROLLNAMEVI>ZRS_3TT_DE_ABGERUFENA</ROLLNAMEVI>
     <SHLPORIGIN>T</SHLPORIGIN>
    </DD27P>
    <DD27P>
     <VIEWNAME>ZRS_D_3TT_ABRUFV</VIEWNAME>
     <OBJPOS>0024</OBJPOS>
     <DDLANGUAGE>E</DDLANGUAGE>
     <VIEWFIELD>EINZELVERTRAG</VIEWFIELD>
     <TABNAME>ZRS_3TT_ABRUFKOP</TABNAME>
     <FIELDNAME>EINZELVERTRAG</FIELDNAME>
     <ROLLNAME>ZRS_3TT_DE_EINZLVRTRG</ROLLNAME>
     <ROLLNAMEVI>ZRS_3TT_DE_EINZLVRTRG</ROLLNAMEVI>
     <SHLPORIGIN>F</SHLPORIGIN>
     <VALEXI>X</VALEXI>
    </DD27P>
    <DD27P>
     <VIEWNAME>ZRS_D_3TT_ABRUFV</VIEWNAME>
     <OBJPOS>0025</OBJPOS>
     <DDLANGUAGE>E</DDLANGUAGE>
     <VIEWFIELD>VERRECHNUNGSELEMENT</VIEWFIELD>
     <TABNAME>ZRS_3TT_ABRUFKOP</TABNAME>
     <FIELDNAME>VERRECHNUNGSELEMENT</FIELDNAME>
     <ROLLNAME>ZRS_3TT_DE_VRCHNGSELM</ROLLNAME>
     <ROLLNAMEVI>ZRS_3TT_DE_VRCHNGSELM</ROLLNAMEVI>
    </DD27P>
    <DD27P>
     <VIEWNAME>ZRS_D_3TT_ABRUFV</VIEWNAME>
     <OBJPOS>0026</OBJPOS>
     <DDLANGUAGE>E</DDLANGUAGE>
     <VIEWFIELD>TYP_VERRECHNUNGSELEMENT</VIEWFIELD>
     <TABNAME>ZRS_3TT_ABRUFKOP</TABNAME>
     <FIELDNAME>TYP_VERRECHNUNGSELEMENT</FIELDNAME>
     <ROLLNAME>ZRS_3TT_DE_TYPVERCHEL</ROLLNAME>
     <ROLLNAMEVI>ZRS_3TT_DE_TYPVERCHEL</ROLLNAMEVI>
     <SHLPORIGIN>F</SHLPORIGIN>
     <VALEXI>X</VALEXI>
    </DD27P>
    <DD27P>
     <VIEWNAME>ZRS_D_3TT_ABRUFV</VIEWNAME>
     <OBJPOS>0027</OBJPOS>
     <DDLANGUAGE>E</DDLANGUAGE>
     <VIEWFIELD>STATUS_ABRUF</VIEWFIELD>
     <TABNAME>ZRS_3TT_ABRUFKOP</TABNAME>
     <FIELDNAME>STATUS_ABRUF</FIELDNAME>
     <ROLLNAME>ZRS_3TT_DE_STATUSABRF</ROLLNAME>
     <ROLLNAMEVI>ZRS_3TT_DE_STATUSABRF</ROLLNAMEVI>
    </DD27P>
    <DD27P>
     <VIEWNAME>ZRS_D_3TT_ABRUFV</VIEWNAME>
     <OBJPOS>0028</OBJPOS>
     <DDLANGUAGE>E</DDLANGUAGE>
     <VIEWFIELD>NOTIZ</VIEWFIELD>
     <TABNAME>ZRS_3TT_ABRUFKOP</TABNAME>
     <FIELDNAME>NOTIZ</FIELDNAME>
     <ROLLNAME>ZRS_3TT_DE_NOTIZ</ROLLNAME>
     <ROLLNAMEVI>ZRS_3TT_DE_NOTIZ</ROLLNAMEVI>
    </DD27P>
    <DD27P>
     <VIEWNAME>ZRS_D_3TT_ABRUFV</VIEWNAME>
     <OBJPOS>0029</OBJPOS>
     <DDLANGUAGE>E</DDLANGUAGE>
     <VIEWFIELD>LASTCHANGEDBY</VIEWFIELD>
     <TABNAME>ZRS_3TT_ABRUFKOP</TABNAME>
     <FIELDNAME>LASTCHANGEDBY</FIELDNAME>
     <ROLLNAME>ERNAM</ROLLNAME>
     <ROLLNAMEVI>ERNAM</ROLLNAMEVI>
    </DD27P>
    <DD27P>
     <VIEWNAME>ZRS_D_3TT_ABRUFV</VIEWNAME>
     <OBJPOS>0030</OBJPOS>
     <DDLANGUAGE>E</DDLANGUAGE>
     <VIEWFIELD>LASTCHANGEDON</VIEWFIELD>
     <TABNAME>ZRS_3TT_ABRUFKOP</TABNAME>
     <FIELDNAME>LASTCHANGEDON</FIELDNAME>
     <ROLLNAME>TIMESTAMP</ROLLNAME>
     <ROLLNAMEVI>TIMESTAMP</ROLLNAMEVI>
    </DD27P>
   </DD27P_TABLE>
   <DD28J_TABLE>
    <DD28J>
     <VIEWNAME>ZRS_D_3TT_ABRUFV</VIEWNAME>
     <LTAB>ZRS_3TT_VORHABEN</LTAB>
     <LFIELD>MANDT</LFIELD>
     <OPERATOR>EQ</OPERATOR>
     <RTAB>ZRS_3TT_ABRUFKOP</RTAB>
     <RFIELD>MANDT</RFIELD>
     <SOURCE>S</SOURCE>
    </DD28J>
    <DD28J>
     <VIEWNAME>ZRS_D_3TT_ABRUFV</VIEWNAME>
     <LTAB>ZRS_3TT_VORHABEN</LTAB>
     <LFIELD>VORHABENSNUMMER</LFIELD>
     <OPERATOR>EQ</OPERATOR>
     <RTAB>ZRS_3TT_ABRUFKOP</RTAB>
     <RFIELD>VORHABENSNUMMER</RFIELD>
     <SOURCE>S</SOURCE>
    </DD28J>
   </DD28J_TABLE>
  </asx:values>
 </asx:abap>
</abapGit>
