﻿<?xml version="1.0" encoding="utf-8"?>
<abapGit version="v1.0.0" serializer="LCL_OBJECT_VIEW" serializer_version="v1.0.0">
 <asx:abap xmlns:asx="http://www.sap.com/abapxml" version="1.0">
  <asx:values>
   <DD25V>
    <VIEWNAME>ZRS_P_3TT_KATLFT</VIEWNAME>
    <AS4LOCAL>A</AS4LOCAL>
    <AGGTYPE>V</AGGTYPE>
    <ROOTTAB>ZRS_3TT_KATLIEFT</ROOTTAB>
    <VIEWCLASS>C</VIEWCLASS>
    <CUSTOMAUTH>C</CUSTOMAUTH>
    <GLOBALFLAG>X</GLOBALFLAG>
   </DD25V>
   <DD26V_TABLE>
    <DD26V>
     <VIEWNAME>ZRS_P_3TT_KATLFT</VIEWNAME>
     <TABNAME>ZRS_3TT_KATLIEFT</TABNAME>
     <TABPOS>0001</TABPOS>
     <FORTABNAME>ZRS_3TT_KATLIEFT</FORTABNAME>
    </DD26V>
   </DD26V_TABLE>
   <DD27P_TABLE>
    <DD27P>
     <VIEWNAME>ZRS_P_3TT_KATLFT</VIEWNAME>
     <OBJPOS>0001</OBJPOS>
     <DDLANGUAGE>E</DDLANGUAGE>
     <VIEWFIELD>MANDT</VIEWFIELD>
     <TABNAME>ZRS_3TT_KATLIEFT</TABNAME>
     <FIELDNAME>MANDT</FIELDNAME>
     <KEYFLAG>X</KEYFLAG>
     <ROLLNAME>ZRS_3TT_DE_MANDT</ROLLNAME>
     <ROLLNAMEVI>ZRS_3TT_DE_MANDT</ROLLNAMEVI>
    </DD27P>
    <DD27P>
     <VIEWNAME>ZRS_P_3TT_KATLFT</VIEWNAME>
     <OBJPOS>0002</OBJPOS>
     <DDLANGUAGE>E</DDLANGUAGE>
     <VIEWFIELD>LIEFERANTEIL</VIEWFIELD>
     <TABNAME>ZRS_3TT_KATLIEFT</TABNAME>
     <FIELDNAME>LIEFERANTEIL</FIELDNAME>
     <KEYFLAG>X</KEYFLAG>
     <ROLLNAME>ZRS_3TT_DE_LIEFERANTEIL</ROLLNAME>
     <ROLLNAMEVI>ZRS_3TT_DE_LIEFERANTEIL</ROLLNAMEVI>
    </DD27P>
    <DD27P>
     <VIEWNAME>ZRS_P_3TT_KATLFT</VIEWNAME>
     <OBJPOS>0003</OBJPOS>
     <DDLANGUAGE>E</DDLANGUAGE>
     <VIEWFIELD>BESCHREIBUNG</VIEWFIELD>
     <TABNAME>ZRS_3TT_KATLIEFT</TABNAME>
     <FIELDNAME>BESCHREIBUNG</FIELDNAME>
     <ROLLNAME>ZRS_3TT_DE_BESCHREBNG</ROLLNAME>
     <ROLLNAMEVI>ZRS_3TT_DE_BESCHREBNG</ROLLNAMEVI>
    </DD27P>
    <DD27P>
     <VIEWNAME>ZRS_P_3TT_KATLFT</VIEWNAME>
     <OBJPOS>0004</OBJPOS>
     <DDLANGUAGE>E</DDLANGUAGE>
     <VIEWFIELD>ANTEIL</VIEWFIELD>
     <TABNAME>ZRS_3TT_KATLIEFT</TABNAME>
     <FIELDNAME>ANTEIL</FIELDNAME>
     <ROLLNAME>ZRS_3TT_DE_ANTEIL</ROLLNAME>
     <ROLLNAMEVI>ZRS_3TT_DE_ANTEIL</ROLLNAMEVI>
     <REFTABLE>ZRS_3TT_KATLIEFT</REFTABLE>
     <REFFIELD>EINHEIT_ANTEIL</REFFIELD>
    </DD27P>
    <DD27P>
     <VIEWNAME>ZRS_P_3TT_KATLFT</VIEWNAME>
     <OBJPOS>0005</OBJPOS>
     <DDLANGUAGE>E</DDLANGUAGE>
     <VIEWFIELD>EINHEIT_ANTEIL</VIEWFIELD>
     <TABNAME>ZRS_3TT_KATLIEFT</TABNAME>
     <FIELDNAME>EINHEIT_ANTEIL</FIELDNAME>
     <ROLLNAME>ZRS_3TT_DE_EINHTANTL</ROLLNAME>
     <ROLLNAMEVI>ZRS_3TT_DE_EINHTANTL</ROLLNAMEVI>
    </DD27P>
   </DD27P_TABLE>
  </asx:values>
 </asx:abap>
</abapGit>
