﻿<?xml version="1.0" encoding="utf-8"?>
<abapGit version="v1.0.0" serializer="LCL_OBJECT_TABL" serializer_version="v1.0.0">
 <asx:abap xmlns:asx="http://www.sap.com/abapxml" version="1.0">
  <asx:values>
   <DD02V>
    <TABNAME>ZRS_3TT_MDARTIKEL_S</TABNAME>
    <TABCLASS>INTTAB</TABCLASS>
   </DD02V>
   <DD03P_TABLE>
    <DD03P>
     <TABNAME>ZRS_3TT_MDARTIKEL_S</TABNAME>
     <FIELDNAME>MANDT</FIELDNAME>
     <POSITION>0001</POSITION>
     <ROLLNAME>ZRS_3TT_DE_MANDT</ROLLNAME>
     <ADMINFIELD>0</ADMINFIELD>
     <COMPTYPE>E</COMPTYPE>
    </DD03P>
    <DD03P>
     <TABNAME>ZRS_3TT_MDARTIKEL_S</TABNAME>
     <FIELDNAME>ARTIKELNUMMER</FIELDNAME>
     <POSITION>0002</POSITION>
     <ROLLNAME>ZRS_3TT_DE_ARTIKELNUM</ROLLNAME>
     <ADMINFIELD>0</ADMINFIELD>
     <COMPTYPE>E</COMPTYPE>
    </DD03P>
    <DD03P>
     <TABNAME>ZRS_3TT_MDARTIKEL_S</TABNAME>
     <FIELDNAME>SPRACHE</FIELDNAME>
     <POSITION>0003</POSITION>
     <ROLLNAME>SPRAS</ROLLNAME>
     <ADMINFIELD>0</ADMINFIELD>
     <SHLPORIGIN>D</SHLPORIGIN>
     <COMPTYPE>E</COMPTYPE>
     <LANGUFLAG>X</LANGUFLAG>
    </DD03P>
    <DD03P>
     <TABNAME>ZRS_3TT_MDARTIKEL_S</TABNAME>
     <FIELDNAME>GUELTIG_AB</FIELDNAME>
     <POSITION>0004</POSITION>
     <ROLLNAME>ZRS_3TT_DE_GULTIG_AB</ROLLNAME>
     <ADMINFIELD>0</ADMINFIELD>
     <SHLPORIGIN>T</SHLPORIGIN>
     <COMPTYPE>E</COMPTYPE>
    </DD03P>
    <DD03P>
     <TABNAME>ZRS_3TT_MDARTIKEL_S</TABNAME>
     <FIELDNAME>GUELTIG_BIS</FIELDNAME>
     <POSITION>0005</POSITION>
     <ROLLNAME>ZRS_3TT_DE_GULTIG_BIS</ROLLNAME>
     <ADMINFIELD>0</ADMINFIELD>
     <SHLPORIGIN>T</SHLPORIGIN>
     <COMPTYPE>E</COMPTYPE>
    </DD03P>
    <DD03P>
     <TABNAME>ZRS_3TT_MDARTIKEL_S</TABNAME>
     <FIELDNAME>BESCHEIBUNG</FIELDNAME>
     <POSITION>0006</POSITION>
     <ROLLNAME>ZRS_3TT_DE_BESCHEIBNG</ROLLNAME>
     <ADMINFIELD>0</ADMINFIELD>
     <COMPTYPE>E</COMPTYPE>
    </DD03P>
    <DD03P>
     <TABNAME>ZRS_3TT_MDARTIKEL_S</TABNAME>
     <FIELDNAME>NUMMER_LIEFEROBJEKT</FIELDNAME>
     <POSITION>0007</POSITION>
     <ROLLNAME>ZRS_3TT_DE_NUMMERLIEF</ROLLNAME>
     <ADMINFIELD>0</ADMINFIELD>
     <COMPTYPE>E</COMPTYPE>
    </DD03P>
    <DD03P>
     <TABNAME>ZRS_3TT_MDARTIKEL_S</TABNAME>
     <FIELDNAME>NUMMER_KOMPLEXITAET</FIELDNAME>
     <POSITION>0008</POSITION>
     <ROLLNAME>ZRS_3TT_DE_NUMMERKOMP</ROLLNAME>
     <ADMINFIELD>0</ADMINFIELD>
     <COMPTYPE>E</COMPTYPE>
    </DD03P>
    <DD03P>
     <TABNAME>ZRS_3TT_MDARTIKEL_S</TABNAME>
     <FIELDNAME>NUMMER_KATEGORIE</FIELDNAME>
     <POSITION>0009</POSITION>
     <ROLLNAME>ZRS_3TT_DE_NUMMERKAT</ROLLNAME>
     <ADMINFIELD>0</ADMINFIELD>
     <COMPTYPE>E</COMPTYPE>
    </DD03P>
    <DD03P>
     <TABNAME>ZRS_3TT_MDARTIKEL_S</TABNAME>
     <FIELDNAME>WERT</FIELDNAME>
     <POSITION>0010</POSITION>
     <ROLLNAME>ZRS_3TT_DE_WERT</ROLLNAME>
     <ADMINFIELD>0</ADMINFIELD>
     <REFTABLE>ZRS_3TT_MDARTIKL</REFTABLE>
     <REFFIELD>EINHEIT_WERT</REFFIELD>
     <COMPTYPE>E</COMPTYPE>
    </DD03P>
    <DD03P>
     <TABNAME>ZRS_3TT_MDARTIKEL_S</TABNAME>
     <FIELDNAME>EINHEIT_WERT</FIELDNAME>
     <POSITION>0011</POSITION>
     <ROLLNAME>ZRS_3TT_DE_EINHTWERT</ROLLNAME>
     <ADMINFIELD>0</ADMINFIELD>
     <COMPTYPE>E</COMPTYPE>
    </DD03P>
    <DD03P>
     <TABNAME>ZRS_3TT_MDARTIKEL_S</TABNAME>
     <FIELDNAME>EINZELVERTRAG</FIELDNAME>
     <POSITION>0012</POSITION>
     <ROLLNAME>ZRS_3TT_DE_EINZLVRTRG</ROLLNAME>
     <ADMINFIELD>0</ADMINFIELD>
     <VALEXI>X</VALEXI>
     <SHLPORIGIN>F</SHLPORIGIN>
     <COMPTYPE>E</COMPTYPE>
    </DD03P>
    <DD03P>
     <TABNAME>ZRS_3TT_MDARTIKEL_S</TABNAME>
     <FIELDNAME>NOTIZ</FIELDNAME>
     <POSITION>0013</POSITION>
     <ROLLNAME>ZRS_3TT_DE_NOTIZ</ROLLNAME>
     <ADMINFIELD>0</ADMINFIELD>
     <COMPTYPE>E</COMPTYPE>
    </DD03P>
    <DD03P>
     <TABNAME>ZRS_3TT_MDARTIKEL_S</TABNAME>
     <FIELDNAME>LINK</FIELDNAME>
     <POSITION>0014</POSITION>
     <ROLLNAME>ZRS_3TT_DE_LINK</ROLLNAME>
     <ADMINFIELD>0</ADMINFIELD>
     <COMPTYPE>E</COMPTYPE>
    </DD03P>
    <DD03P>
     <TABNAME>ZRS_3TT_MDARTIKEL_S</TABNAME>
     <FIELDNAME>FLAG</FIELDNAME>
     <POSITION>0015</POSITION>
     <ROLLNAME>ZRS_3TT_DE_FLAG</ROLLNAME>
     <ADMINFIELD>0</ADMINFIELD>
     <VALEXI>X</VALEXI>
     <SHLPORIGIN>F</SHLPORIGIN>
     <COMPTYPE>E</COMPTYPE>
    </DD03P>
    <DD03P>
     <TABNAME>ZRS_3TT_MDARTIKEL_S</TABNAME>
     <FIELDNAME>IS_EDITABLE</FIELDNAME>
     <POSITION>0016</POSITION>
     <ROLLNAME>BOOLEAN</ROLLNAME>
     <ADMINFIELD>0</ADMINFIELD>
     <VALEXI>X</VALEXI>
     <SHLPORIGIN>F</SHLPORIGIN>
     <COMPTYPE>E</COMPTYPE>
    </DD03P>
    <DD03P>
     <TABNAME>ZRS_3TT_MDARTIKEL_S</TABNAME>
     <FIELDNAME>IS_NOPREIS</FIELDNAME>
     <POSITION>0017</POSITION>
     <ROLLNAME>BOOLEAN</ROLLNAME>
     <ADMINFIELD>0</ADMINFIELD>
     <VALEXI>X</VALEXI>
     <SHLPORIGIN>F</SHLPORIGIN>
     <COMPTYPE>E</COMPTYPE>
    </DD03P>
    <DD03P>
     <TABNAME>ZRS_3TT_MDARTIKEL_S</TABNAME>
     <FIELDNAME>LIEFEROBJEKT_DESC</FIELDNAME>
     <POSITION>0018</POSITION>
     <ROLLNAME>ZRS_3TT_DE_NOTIZ</ROLLNAME>
     <ADMINFIELD>0</ADMINFIELD>
     <COMPTYPE>E</COMPTYPE>
    </DD03P>
    <DD03P>
     <TABNAME>ZRS_3TT_MDARTIKEL_S</TABNAME>
     <FIELDNAME>KOMPLEXITAET_DESC</FIELDNAME>
     <POSITION>0019</POSITION>
     <ROLLNAME>ZRS_3TT_DE_NOTIZ</ROLLNAME>
     <ADMINFIELD>0</ADMINFIELD>
     <COMPTYPE>E</COMPTYPE>
    </DD03P>
    <DD03P>
     <TABNAME>ZRS_3TT_MDARTIKEL_S</TABNAME>
     <FIELDNAME>KATEGORIE_DESC</FIELDNAME>
     <POSITION>0020</POSITION>
     <ROLLNAME>ZRS_3TT_DE_NOTIZ</ROLLNAME>
     <ADMINFIELD>0</ADMINFIELD>
     <COMPTYPE>E</COMPTYPE>
    </DD03P>
   </DD03P_TABLE>
   <I18N_LANGS>
    <LANGU>D</LANGU>
   </I18N_LANGS>
   <DD02_TEXTS>
    <item>
     <DDLANGUAGE>D</DDLANGUAGE>
     <DDTEXT>Structure of MDArtikel Table</DDTEXT>
    </item>
   </DD02_TEXTS>
  </asx:values>
 </asx:abap>
</abapGit>
