﻿<?xml version="1.0" encoding="utf-8"?>
<abapGit version="v1.0.0" serializer="LCL_OBJECT_TABL" serializer_version="v1.0.0">
 <asx:abap xmlns:asx="http://www.sap.com/abapxml" version="1.0">
  <asx:values>
   <DD02V>
    <TABNAME>ZRS_3TT_ABRUFATT</TABNAME>
    <TABCLASS>TRANSP</TABCLASS>
    <CLIDEP>X</CLIDEP>
    <MAINFLAG>X</MAINFLAG>
    <CONTFLAG>A</CONTFLAG>
   </DD02V>
   <DD09L>
    <TABNAME>ZRS_3TT_ABRUFATT</TABNAME>
    <AS4LOCAL>A</AS4LOCAL>
    <TABKAT>1</TABKAT>
    <TABART>APPL1</TABART>
    <BUFALLOW>N</BUFALLOW>
   </DD09L>
   <DD03P_TABLE>
    <DD03P>
     <TABNAME>ZRS_3TT_ABRUFATT</TABNAME>
     <FIELDNAME>MANDT</FIELDNAME>
     <POSITION>0001</POSITION>
     <KEYFLAG>X</KEYFLAG>
     <ROLLNAME>ZRS_3TT_DE_MANDT</ROLLNAME>
     <ADMINFIELD>0</ADMINFIELD>
     <NOTNULL>X</NOTNULL>
     <COMPTYPE>E</COMPTYPE>
    </DD03P>
    <DD03P>
     <TABNAME>ZRS_3TT_ABRUFATT</TABNAME>
     <FIELDNAME>ABRUFNUMMER</FIELDNAME>
     <POSITION>0002</POSITION>
     <KEYFLAG>X</KEYFLAG>
     <ROLLNAME>ZRS_3TT_DE_ABRUFNUMMR</ROLLNAME>
     <ADMINFIELD>0</ADMINFIELD>
     <NOTNULL>X</NOTNULL>
     <COMPTYPE>E</COMPTYPE>
    </DD03P>
    <DD03P>
     <TABNAME>ZRS_3TT_ABRUFATT</TABNAME>
     <FIELDNAME>ABRUFPOSITION</FIELDNAME>
     <POSITION>0003</POSITION>
     <KEYFLAG>X</KEYFLAG>
     <ROLLNAME>ZRS_3TT_DE_ABRUFPOST</ROLLNAME>
     <ADMINFIELD>0</ADMINFIELD>
     <NOTNULL>X</NOTNULL>
     <COMPTYPE>E</COMPTYPE>
    </DD03P>
    <DD03P>
     <TABNAME>ZRS_3TT_ABRUFATT</TABNAME>
     <FIELDNAME>FILENAME</FIELDNAME>
     <POSITION>0004</POSITION>
     <KEYFLAG>X</KEYFLAG>
     <ROLLNAME>CHAR100</ROLLNAME>
     <ADMINFIELD>0</ADMINFIELD>
     <NOTNULL>X</NOTNULL>
     <COMPTYPE>E</COMPTYPE>
    </DD03P>
    <DD03P>
     <TABNAME>ZRS_3TT_ABRUFATT</TABNAME>
     <FIELDNAME>VALUE</FIELDNAME>
     <POSITION>0005</POSITION>
     <ROLLNAME>XSTRINGVAL</ROLLNAME>
     <ADMINFIELD>0</ADMINFIELD>
     <COMPTYPE>E</COMPTYPE>
    </DD03P>
    <DD03P>
     <TABNAME>ZRS_3TT_ABRUFATT</TABNAME>
     <FIELDNAME>MIMETYPE</FIELDNAME>
     <POSITION>0006</POSITION>
     <ROLLNAME>CHAR100</ROLLNAME>
     <ADMINFIELD>0</ADMINFIELD>
     <COMPTYPE>E</COMPTYPE>
    </DD03P>
    <DD03P>
     <TABNAME>ZRS_3TT_ABRUFATT</TABNAME>
     <FIELDNAME>CREATEDBY</FIELDNAME>
     <POSITION>0007</POSITION>
     <ROLLNAME>UNAME</ROLLNAME>
     <ADMINFIELD>0</ADMINFIELD>
     <COMPTYPE>E</COMPTYPE>
    </DD03P>
    <DD03P>
     <TABNAME>ZRS_3TT_ABRUFATT</TABNAME>
     <FIELDNAME>CREATEDON</FIELDNAME>
     <POSITION>0008</POSITION>
     <ROLLNAME>TIMESTAMP</ROLLNAME>
     <ADMINFIELD>0</ADMINFIELD>
     <COMPTYPE>E</COMPTYPE>
    </DD03P>
   </DD03P_TABLE>
   <I18N_LANGS>
    <LANGU>D</LANGU>
   </I18N_LANGS>
   <DD02_TEXTS>
    <item>
     <DDLANGUAGE>D</DDLANGUAGE>
     <DDTEXT>Trichtertool: Abruf-Position Attachment</DDTEXT>
    </item>
   </DD02_TEXTS>
  </asx:values>
 </asx:abap>
</abapGit>
