﻿<?xml version="1.0" encoding="utf-8"?>
<abapGit version="v1.0.0" serializer="LCL_OBJECT_DTEL" serializer_version="v1.0.0">
 <asx:abap xmlns:asx="http://www.sap.com/abapxml" version="1.0">
  <asx:values>
   <DD04V>
    <ROLLNAME>ZRS_3TT_DE_TYPVERCHEL</ROLLNAME>
    <DDLANGUAGE>E</DDLANGUAGE>
    <DOMNAME>ZRS_3TT_DO_TYPVERCHEL</DOMNAME>
    <HEADLEN>55</HEADLEN>
    <SCRLEN1>10</SCRLEN1>
    <SCRLEN2>20</SCRLEN2>
    <SCRLEN3>40</SCRLEN3>
    <DDTEXT>Type of accounting element</DDTEXT>
    <REPTEXT>Type of accounting element</REPTEXT>
    <SCRTEXT_S>AcctElment</SCRTEXT_S>
    <SCRTEXT_M>Accounting element</SCRTEXT_M>
    <SCRTEXT_L>Type of accounting element</SCRTEXT_L>
    <DTELMASTER>D</DTELMASTER>
    <REFKIND>D</REFKIND>
   </DD04V>
   <I18N_LANGS>
    <LANGU>D</LANGU>
   </I18N_LANGS>
   <DD04_TEXTS>
    <item>
     <DDLANGUAGE>D</DDLANGUAGE>
     <DDTEXT>Trichtertool: Typ Verrechnungselement</DDTEXT>
     <REPTEXT>Typ Verrechnungselement</REPTEXT>
     <SCRTEXT_S>Typ Verrec</SCRTEXT_S>
     <SCRTEXT_M>Typ Verrechnungselem</SCRTEXT_M>
     <SCRTEXT_L>Typ Verrechnungselement</SCRTEXT_L>
    </item>
   </DD04_TEXTS>
  </asx:values>
 </asx:abap>
</abapGit>
