﻿<?xml version="1.0" encoding="utf-8"?>
<abapGit version="v1.0.0" serializer="LCL_OBJECT_VIEW" serializer_version="v1.0.0">
 <asx:abap xmlns:asx="http://www.sap.com/abapxml" version="1.0">
  <asx:values>
   <DD25V>
    <VIEWNAME>ZRS_P_3TT_KATLOB</VIEWNAME>
    <AS4LOCAL>A</AS4LOCAL>
    <AGGTYPE>V</AGGTYPE>
    <ROOTTAB>ZRS_3TT_KATLOBJ</ROOTTAB>
    <VIEWCLASS>C</VIEWCLASS>
    <CUSTOMAUTH>C</CUSTOMAUTH>
    <GLOBALFLAG>X</GLOBALFLAG>
   </DD25V>
   <DD26V_TABLE>
    <DD26V>
     <VIEWNAME>ZRS_P_3TT_KATLOB</VIEWNAME>
     <TABNAME>ZRS_3TT_KATLOBJ</TABNAME>
     <TABPOS>0001</TABPOS>
     <FORTABNAME>ZRS_3TT_KATLOBJ</FORTABNAME>
    </DD26V>
   </DD26V_TABLE>
   <DD27P_TABLE>
    <DD27P>
     <VIEWNAME>ZRS_P_3TT_KATLOB</VIEWNAME>
     <OBJPOS>0001</OBJPOS>
     <DDLANGUAGE>E</DDLANGUAGE>
     <VIEWFIELD>MANDT</VIEWFIELD>
     <TABNAME>ZRS_3TT_KATLOBJ</TABNAME>
     <FIELDNAME>MANDT</FIELDNAME>
     <KEYFLAG>X</KEYFLAG>
     <ROLLNAME>ZRS_3TT_DE_MANDT</ROLLNAME>
     <ROLLNAMEVI>ZRS_3TT_DE_MANDT</ROLLNAMEVI>
    </DD27P>
    <DD27P>
     <VIEWNAME>ZRS_P_3TT_KATLOB</VIEWNAME>
     <OBJPOS>0002</OBJPOS>
     <DDLANGUAGE>E</DDLANGUAGE>
     <VIEWFIELD>SPRACHE</VIEWFIELD>
     <TABNAME>ZRS_3TT_KATLOBJ</TABNAME>
     <FIELDNAME>SPRACHE</FIELDNAME>
     <KEYFLAG>X</KEYFLAG>
     <ROLLNAME>SPRAS</ROLLNAME>
     <ROLLNAMEVI>SPRAS</ROLLNAMEVI>
     <SHLPORIGIN>D</SHLPORIGIN>
     <SHLPNAME>H_T002</SHLPNAME>
     <SHLPFIELD>SPRAS</SHLPFIELD>
     <LOGFLAG>X</LOGFLAG>
    </DD27P>
    <DD27P>
     <VIEWNAME>ZRS_P_3TT_KATLOB</VIEWNAME>
     <OBJPOS>0003</OBJPOS>
     <DDLANGUAGE>E</DDLANGUAGE>
     <VIEWFIELD>NUMMER_LIEFEROBJEKT</VIEWFIELD>
     <TABNAME>ZRS_3TT_KATLOBJ</TABNAME>
     <FIELDNAME>NUMMER_LIEFEROBJEKT</FIELDNAME>
     <KEYFLAG>X</KEYFLAG>
     <ROLLNAME>ZRS_3TT_DE_NUMMERLIEF</ROLLNAME>
     <ROLLNAMEVI>ZRS_3TT_DE_NUMMERLIEF</ROLLNAMEVI>
    </DD27P>
    <DD27P>
     <VIEWNAME>ZRS_P_3TT_KATLOB</VIEWNAME>
     <OBJPOS>0004</OBJPOS>
     <DDLANGUAGE>E</DDLANGUAGE>
     <VIEWFIELD>BESCHREIBUNG</VIEWFIELD>
     <TABNAME>ZRS_3TT_KATLOBJ</TABNAME>
     <FIELDNAME>BESCHREIBUNG</FIELDNAME>
     <ROLLNAME>ZRS_3TT_DE_BESCHREBNG</ROLLNAME>
     <ROLLNAMEVI>ZRS_3TT_DE_BESCHREBNG</ROLLNAMEVI>
    </DD27P>
    <DD27P>
     <VIEWNAME>ZRS_P_3TT_KATLOB</VIEWNAME>
     <OBJPOS>0005</OBJPOS>
     <DDLANGUAGE>E</DDLANGUAGE>
     <VIEWFIELD>TT_DEFINITION</VIEWFIELD>
     <TABNAME>ZRS_3TT_KATLOBJ</TABNAME>
     <FIELDNAME>TT_DEFINITION</FIELDNAME>
     <ROLLNAME>ZRS_3TT_DE_DEFINITION</ROLLNAME>
     <ROLLNAMEVI>ZRS_3TT_DE_DEFINITION</ROLLNAMEVI>
    </DD27P>
   </DD27P_TABLE>
  </asx:values>
 </asx:abap>
</abapGit>
