﻿<?xml version="1.0" encoding="utf-8"?>
<abapGit version="v1.0.0" serializer="LCL_OBJECT_DTEL" serializer_version="v1.0.0">
 <asx:abap xmlns:asx="http://www.sap.com/abapxml" version="1.0">
  <asx:values>
   <DD04V>
    <ROLLNAME>ZRS_3TT_DE_STORNIERT</ROLLNAME>
    <DDLANGUAGE>E</DDLANGUAGE>
    <HEADLEN>55</HEADLEN>
    <SCRLEN1>10</SCRLEN1>
    <SCRLEN2>20</SCRLEN2>
    <SCRLEN3>40</SCRLEN3>
    <DDTEXT>Cancelled</DDTEXT>
    <REPTEXT>Cancelled</REPTEXT>
    <SCRTEXT_S>Cancelled</SCRTEXT_S>
    <SCRTEXT_M>Cancelled</SCRTEXT_M>
    <SCRTEXT_L>Cancelled</SCRTEXT_L>
    <DTELMASTER>D</DTELMASTER>
    <DATATYPE>CHAR</DATATYPE>
    <LENG>000001</LENG>
    <OUTPUTLEN>000001</OUTPUTLEN>
   </DD04V>
   <I18N_LANGS>
    <LANGU>D</LANGU>
   </I18N_LANGS>
   <DD04_TEXTS>
    <item>
     <DDLANGUAGE>D</DDLANGUAGE>
     <DDTEXT>Trichtertool: Storniert</DDTEXT>
     <REPTEXT>Storniert</REPTEXT>
     <SCRTEXT_S>Storniert</SCRTEXT_S>
     <SCRTEXT_M>Storniert</SCRTEXT_M>
     <SCRTEXT_L>Storniert</SCRTEXT_L>
    </item>
   </DD04_TEXTS>
  </asx:values>
 </asx:abap>
</abapGit>
