﻿<?xml version="1.0" encoding="utf-8"?>
<abapGit version="v1.0.0" serializer="LCL_OBJECT_DTEL" serializer_version="v1.0.0">
 <asx:abap xmlns:asx="http://www.sap.com/abapxml" version="1.0">
  <asx:values>
   <DD04V>
    <ROLLNAME>ZRS_3TT_DE_FUNKBERCH</ROLLNAME>
    <DDLANGUAGE>E</DDLANGUAGE>
    <DOMNAME>ZRS_3TT_DO_FUNKBERCH</DOMNAME>
    <HEADLEN>55</HEADLEN>
    <SCRLEN1>10</SCRLEN1>
    <SCRLEN2>20</SCRLEN2>
    <SCRLEN3>40</SCRLEN3>
    <DDTEXT>Functional area</DDTEXT>
    <REPTEXT>Functional area</REPTEXT>
    <SCRTEXT_S>FuncArea</SCRTEXT_S>
    <SCRTEXT_M>Functional area</SCRTEXT_M>
    <SCRTEXT_L>Functional area</SCRTEXT_L>
    <DTELMASTER>D</DTELMASTER>
    <REFKIND>D</REFKIND>
   </DD04V>
   <I18N_LANGS>
    <LANGU>D</LANGU>
   </I18N_LANGS>
   <DD04_TEXTS>
    <item>
     <DDLANGUAGE>D</DDLANGUAGE>
     <DDTEXT>Trichtertool: Funktionaler Bereich</DDTEXT>
     <REPTEXT>Funktionaler Bereich</REPTEXT>
     <SCRTEXT_S>Funktional</SCRTEXT_S>
     <SCRTEXT_M>Funktionaler Bereich</SCRTEXT_M>
     <SCRTEXT_L>Funktionaler Bereich</SCRTEXT_L>
    </item>
   </DD04_TEXTS>
  </asx:values>
 </asx:abap>
</abapGit>
