﻿<?xml version="1.0" encoding="utf-8"?>
<abapGit version="v1.0.0" serializer="LCL_OBJECT_DTEL" serializer_version="v1.0.0">
 <asx:abap xmlns:asx="http://www.sap.com/abapxml" version="1.0">
  <asx:values>
   <DD04V>
    <ROLLNAME>ZRS_3TT_DE_PARAMWERT</ROLLNAME>
    <DDLANGUAGE>E</DDLANGUAGE>
    <HEADLEN>20</HEADLEN>
    <SCRLEN1>10</SCRLEN1>
    <SCRLEN2>20</SCRLEN2>
    <SCRLEN3>40</SCRLEN3>
    <DDTEXT>Parameter value</DDTEXT>
    <REPTEXT>Parameter value</REPTEXT>
    <SCRTEXT_S>ParamVal</SCRTEXT_S>
    <SCRTEXT_M>Parameter value</SCRTEXT_M>
    <SCRTEXT_L>Parameter value</SCRTEXT_L>
    <DTELMASTER>D</DTELMASTER>
    <DATATYPE>CHAR</DATATYPE>
    <LENG>000020</LENG>
    <OUTPUTLEN>000020</OUTPUTLEN>
   </DD04V>
   <I18N_LANGS>
    <LANGU>D</LANGU>
   </I18N_LANGS>
   <DD04_TEXTS>
    <item>
     <DDLANGUAGE>D</DDLANGUAGE>
     <DDTEXT>Trichtertool: Parameter Wert</DDTEXT>
     <REPTEXT>Parameter Wert</REPTEXT>
     <SCRTEXT_S>Parameter</SCRTEXT_S>
     <SCRTEXT_M>Parameter Wert</SCRTEXT_M>
     <SCRTEXT_L>Parameter Wert</SCRTEXT_L>
    </item>
   </DD04_TEXTS>
  </asx:values>
 </asx:abap>
</abapGit>
