﻿<?xml version="1.0" encoding="utf-8"?>
<abapGit version="v1.0.0" serializer="LCL_OBJECT_VIEW" serializer_version="v1.0.0">
 <asx:abap xmlns:asx="http://www.sap.com/abapxml" version="1.0">
  <asx:values>
   <DD25V>
    <VIEWNAME>ZRS_D_3TT_PRJABR</VIEWNAME>
    <AS4LOCAL>A</AS4LOCAL>
    <AGGTYPE>V</AGGTYPE>
    <ROOTTAB>ZRS_3TT_PRJABRST</ROOTTAB>
    <VIEWCLASS>D</VIEWCLASS>
    <VIEWGRANT>R</VIEWGRANT>
   </DD25V>
   <DD26V_TABLE>
    <DD26V>
     <VIEWNAME>ZRS_D_3TT_PRJABR</VIEWNAME>
     <TABNAME>ZRS_3TT_PRJABRST</TABNAME>
     <TABPOS>0001</TABPOS>
     <FORTABNAME>ZRS_3TT_PRJABRST</FORTABNAME>
    </DD26V>
    <DD26V>
     <VIEWNAME>ZRS_D_3TT_PRJABR</VIEWNAME>
     <TABNAME>ZRS_3TT_PRJABR_T</TABNAME>
     <TABPOS>0002</TABPOS>
    </DD26V>
   </DD26V_TABLE>
   <DD27P_TABLE>
    <DD27P>
     <VIEWNAME>ZRS_D_3TT_PRJABR</VIEWNAME>
     <OBJPOS>0001</OBJPOS>
     <DDLANGUAGE>E</DDLANGUAGE>
     <VIEWFIELD>MANDT</VIEWFIELD>
     <TABNAME>ZRS_3TT_PRJABRST</TABNAME>
     <FIELDNAME>MANDT</FIELDNAME>
     <KEYFLAG>X</KEYFLAG>
     <ROLLNAME>ZRS_3TT_DE_MANDT</ROLLNAME>
     <ROLLNAMEVI>ZRS_3TT_DE_MANDT</ROLLNAMEVI>
    </DD27P>
    <DD27P>
     <VIEWNAME>ZRS_D_3TT_PRJABR</VIEWNAME>
     <OBJPOS>0002</OBJPOS>
     <DDLANGUAGE>E</DDLANGUAGE>
     <VIEWFIELD>SPRACHE</VIEWFIELD>
     <TABNAME>ZRS_3TT_PRJABR_T</TABNAME>
     <FIELDNAME>SPRACHE</FIELDNAME>
     <KEYFLAG>X</KEYFLAG>
     <ROLLNAME>SPRAS</ROLLNAME>
     <ROLLNAMEVI>SPRAS</ROLLNAMEVI>
     <CHECKTABLE>T002</CHECKTABLE>
     <SHLPORIGIN>P</SHLPORIGIN>
     <SHLPNAME>H_T002</SHLPNAME>
     <SHLPFIELD>SPRAS</SHLPFIELD>
     <LOGFLAG>X</LOGFLAG>
    </DD27P>
    <DD27P>
     <VIEWNAME>ZRS_D_3TT_PRJABR</VIEWNAME>
     <OBJPOS>0003</OBJPOS>
     <VIEWFIELD>PROZESSART</VIEWFIELD>
     <TABNAME>ZRS_3TT_PRJABRST</TABNAME>
     <FIELDNAME>PROZESSART</FIELDNAME>
     <KEYFLAG>X</KEYFLAG>
     <ROLLNAME>ZRS_3TT_DE_PROZESSART</ROLLNAME>
     <ROLLNAMEVI>ZRS_3TT_DE_PROZESSART</ROLLNAMEVI>
     <SHLPORIGIN>F</SHLPORIGIN>
     <VALEXI>X</VALEXI>
    </DD27P>
    <DD27P>
     <VIEWNAME>ZRS_D_3TT_PRJABR</VIEWNAME>
     <OBJPOS>0004</OBJPOS>
     <DDLANGUAGE>E</DDLANGUAGE>
     <VIEWFIELD>ESTAT</VIEWFIELD>
     <TABNAME>ZRS_3TT_PRJABRST</TABNAME>
     <FIELDNAME>ESTAT</FIELDNAME>
     <KEYFLAG>X</KEYFLAG>
     <ROLLNAME>J_ESTAT</ROLLNAME>
     <ROLLNAMEVI>J_ESTAT</ROLLNAMEVI>
    </DD27P>
    <DD27P>
     <VIEWNAME>ZRS_D_3TT_PRJABR</VIEWNAME>
     <OBJPOS>0005</OBJPOS>
     <DDLANGUAGE>E</DDLANGUAGE>
     <VIEWFIELD>INIST</VIEWFIELD>
     <TABNAME>ZRS_3TT_PRJABRST</TABNAME>
     <FIELDNAME>INIST</FIELDNAME>
     <ROLLNAME>J_INIST</ROLLNAME>
     <ROLLNAMEVI>J_INIST</ROLLNAMEVI>
     <SHLPORIGIN>F</SHLPORIGIN>
     <VALEXI>X</VALEXI>
    </DD27P>
    <DD27P>
     <VIEWNAME>ZRS_D_3TT_PRJABR</VIEWNAME>
     <OBJPOS>0006</OBJPOS>
     <DDLANGUAGE>E</DDLANGUAGE>
     <VIEWFIELD>STATUS</VIEWFIELD>
     <TABNAME>ZRS_3TT_PRJABRST</TABNAME>
     <FIELDNAME>STATUS</FIELDNAME>
     <ROLLNAME>ZRS_3TT_DE_STATUS</ROLLNAME>
     <ROLLNAMEVI>ZRS_3TT_DE_STATUS</ROLLNAMEVI>
    </DD27P>
    <DD27P>
     <VIEWNAME>ZRS_D_3TT_PRJABR</VIEWNAME>
     <OBJPOS>0007</OBJPOS>
     <VIEWFIELD>STATUSBESCHREIBUNG</VIEWFIELD>
     <TABNAME>ZRS_3TT_PRJABR_T</TABNAME>
     <FIELDNAME>STATUSBESCHREIBUNG</FIELDNAME>
     <ROLLNAME>ZRS_3TT_DE_STTBESCHRBNG</ROLLNAME>
     <ROLLNAMEVI>ZRS_3TT_DE_STTBESCHRBNG</ROLLNAMEVI>
    </DD27P>
    <DD27P>
     <VIEWNAME>ZRS_D_3TT_PRJABR</VIEWNAME>
     <OBJPOS>0008</OBJPOS>
     <VIEWFIELD>NSONR</VIEWFIELD>
     <TABNAME>ZRS_3TT_PRJABRST</TABNAME>
     <FIELDNAME>NSONR</FIELDNAME>
     <ROLLNAME>ZRS_3TT_DE_STATUS_LOW</ROLLNAME>
     <ROLLNAMEVI>ZRS_3TT_DE_STATUS_LOW</ROLLNAMEVI>
    </DD27P>
    <DD27P>
     <VIEWNAME>ZRS_D_3TT_PRJABR</VIEWNAME>
     <OBJPOS>0009</OBJPOS>
     <VIEWFIELD>HSONR</VIEWFIELD>
     <TABNAME>ZRS_3TT_PRJABRST</TABNAME>
     <FIELDNAME>HSONR</FIELDNAME>
     <ROLLNAME>ZRS_3TT_DE_STATUS_HIGH</ROLLNAME>
     <ROLLNAMEVI>ZRS_3TT_DE_STATUS_HIGH</ROLLNAMEVI>
    </DD27P>
    <DD27P>
     <VIEWNAME>ZRS_D_3TT_PRJABR</VIEWNAME>
     <OBJPOS>0010</OBJPOS>
     <DDLANGUAGE>E</DDLANGUAGE>
     <VIEWFIELD>METHODNAME</VIEWFIELD>
     <TABNAME>ZRS_3TT_PRJABRST</TABNAME>
     <FIELDNAME>METHODNAME</FIELDNAME>
     <ROLLNAME>SEOCPDNAME</ROLLNAME>
     <ROLLNAMEVI>SEOCPDNAME</ROLLNAMEVI>
    </DD27P>
   </DD27P_TABLE>
   <DD28J_TABLE>
    <DD28J>
     <VIEWNAME>ZRS_D_3TT_PRJABR</VIEWNAME>
     <LTAB>ZRS_3TT_PRJABRST</LTAB>
     <LFIELD>PROZESSART</LFIELD>
     <OPERATOR>EQ</OPERATOR>
     <RTAB>ZRS_3TT_PRJABR_T</RTAB>
     <RFIELD>PROZESSART</RFIELD>
     <SOURCE>S</SOURCE>
    </DD28J>
    <DD28J>
     <VIEWNAME>ZRS_D_3TT_PRJABR</VIEWNAME>
     <LTAB>ZRS_3TT_PRJABRST</LTAB>
     <LFIELD>ESTAT</LFIELD>
     <OPERATOR>EQ</OPERATOR>
     <RTAB>ZRS_3TT_PRJABR_T</RTAB>
     <RFIELD>ESTAT</RFIELD>
     <SOURCE>S</SOURCE>
    </DD28J>
   </DD28J_TABLE>
  </asx:values>
 </asx:abap>
</abapGit>
