﻿<?xml version="1.0" encoding="utf-8"?>
<abapGit version="v1.0.0" serializer="LCL_OBJECT_TABL" serializer_version="v1.0.0">
 <asx:abap xmlns:asx="http://www.sap.com/abapxml" version="1.0">
  <asx:values>
   <DD02V>
    <TABNAME>ZRS_3TT_ROLES_T</TABNAME>
    <TABCLASS>TRANSP</TABCLASS>
    <MAINFLAG>X</MAINFLAG>
    <CONTFLAG>C</CONTFLAG>
    <EXCLASS>1</EXCLASS>
   </DD02V>
   <DD09L>
    <TABNAME>ZRS_3TT_ROLES_T</TABNAME>
    <AS4LOCAL>A</AS4LOCAL>
    <TABKAT>0</TABKAT>
    <TABART>APPL2</TABART>
    <UEBERSETZ>N</UEBERSETZ>
    <BUFALLOW>N</BUFALLOW>
   </DD09L>
   <DD03P_TABLE>
    <DD03P>
     <TABNAME>ZRS_3TT_ROLES_T</TABNAME>
     <FIELDNAME>SPRAS</FIELDNAME>
     <POSITION>0001</POSITION>
     <KEYFLAG>X</KEYFLAG>
     <ROLLNAME>SPRAS</ROLLNAME>
     <CHECKTABLE>T002</CHECKTABLE>
     <ADMINFIELD>0</ADMINFIELD>
     <NOTNULL>X</NOTNULL>
     <SHLPORIGIN>P</SHLPORIGIN>
     <SHLPNAME>H_T002</SHLPNAME>
     <SHLPFIELD>SPRAS</SHLPFIELD>
     <COMPTYPE>E</COMPTYPE>
     <LANGUFLAG>X</LANGUFLAG>
    </DD03P>
    <DD03P>
     <TABNAME>ZRS_3TT_ROLES_T</TABNAME>
     <FIELDNAME>ZRS_TTOOL</FIELDNAME>
     <POSITION>0002</POSITION>
     <KEYFLAG>X</KEYFLAG>
     <ROLLNAME>ZRS_3TT_ROLE</ROLLNAME>
     <CHECKTABLE>ZRS_3TT_ROLES</CHECKTABLE>
     <ADMINFIELD>0</ADMINFIELD>
     <NOTNULL>X</NOTNULL>
     <SHLPORIGIN>P</SHLPORIGIN>
     <COMPTYPE>E</COMPTYPE>
    </DD03P>
    <DD03P>
     <TABNAME>ZRS_3TT_ROLES_T</TABNAME>
     <FIELDNAME>LTEXT</FIELDNAME>
     <POSITION>0003</POSITION>
     <ROLLNAME>XUTXT30</ROLLNAME>
     <ADMINFIELD>0</ADMINFIELD>
     <COMPTYPE>E</COMPTYPE>
    </DD03P>
   </DD03P_TABLE>
   <DD05M_TABLE>
    <DD05M>
     <TABNAME>ZRS_3TT_ROLES_T</TABNAME>
     <FIELDNAME>SPRAS</FIELDNAME>
     <FORTABLE>ZRS_3TT_ROLES_T</FORTABLE>
     <FORKEY>SPRAS</FORKEY>
     <CHECKTABLE>T002</CHECKTABLE>
     <CHECKFIELD>SPRAS</CHECKFIELD>
     <PRIMPOS>0001</PRIMPOS>
     <DOMNAME>SPRAS</DOMNAME>
     <DATATYPE>LANG</DATATYPE>
     <LENG>000001</LENG>
    </DD05M>
    <DD05M>
     <TABNAME>ZRS_3TT_ROLES_T</TABNAME>
     <FIELDNAME>ZRS_TTOOL</FIELDNAME>
     <FORTABLE>ZRS_3TT_ROLES_T</FORTABLE>
     <FORKEY>ZRS_TTOOL</FORKEY>
     <CHECKTABLE>ZRS_3TT_ROLES</CHECKTABLE>
     <CHECKFIELD>ZRS_TTOOL</CHECKFIELD>
     <PRIMPOS>0001</PRIMPOS>
     <DOMNAME>ZRS_3TT_ROLE</DOMNAME>
     <DATATYPE>CHAR</DATATYPE>
     <LENG>000005</LENG>
    </DD05M>
   </DD05M_TABLE>
   <DD08V_TABLE>
    <DD08V>
     <TABNAME>ZRS_3TT_ROLES_T</TABNAME>
     <FIELDNAME>SPRAS</FIELDNAME>
     <CHECKTABLE>T002</CHECKTABLE>
     <FRKART>KEY</FRKART>
     <CARD>CN</CARD>
     <CARDLEFT>1</CARDLEFT>
    </DD08V>
    <DD08V>
     <TABNAME>ZRS_3TT_ROLES_T</TABNAME>
     <FIELDNAME>ZRS_TTOOL</FIELDNAME>
     <CHECKTABLE>ZRS_3TT_ROLES</CHECKTABLE>
     <FRKART>TEXT</FRKART>
     <CARD>N</CARD>
     <CARDLEFT>1</CARDLEFT>
    </DD08V>
   </DD08V_TABLE>
   <I18N_LANGS>
    <LANGU>D</LANGU>
   </I18N_LANGS>
   <DD02_TEXTS>
    <item>
     <DDLANGUAGE>D</DDLANGUAGE>
     <DDTEXT>Trichtertool: Rollen, Texte</DDTEXT>
    </item>
   </DD02_TEXTS>
  </asx:values>
 </asx:abap>
</abapGit>
