﻿<?xml version="1.0" encoding="utf-8"?>
<abapGit version="v1.0.0" serializer="LCL_OBJECT_DTEL" serializer_version="v1.0.0">
 <asx:abap xmlns:asx="http://www.sap.com/abapxml" version="1.0">
  <asx:values>
   <DD04V>
    <ROLLNAME>ZRS_3TT_ROLE</ROLLNAME>
    <DOMNAME>ZRS_3TT_ROLE</DOMNAME>
    <HEADLEN>05</HEADLEN>
    <SCRLEN1>05</SCRLEN1>
    <SCRLEN2>05</SCRLEN2>
    <SCRLEN3>05</SCRLEN3>
    <DTELMASTER>D</DTELMASTER>
    <REFKIND>D</REFKIND>
   </DD04V>
   <I18N_LANGS>
    <LANGU>D</LANGU>
   </I18N_LANGS>
   <DD04_TEXTS>
    <item>
     <DDLANGUAGE>D</DDLANGUAGE>
     <DDTEXT>Trichtertool: Rolle</DDTEXT>
     <REPTEXT>Rolle</REPTEXT>
     <SCRTEXT_S>Rolle</SCRTEXT_S>
     <SCRTEXT_M>Rolle</SCRTEXT_M>
     <SCRTEXT_L>Rolle</SCRTEXT_L>
    </item>
   </DD04_TEXTS>
  </asx:values>
 </asx:abap>
</abapGit>
