﻿<?xml version="1.0" encoding="utf-8"?>
<abapGit version="v1.0.0" serializer="LCL_OBJECT_TABL" serializer_version="v1.0.0">
 <asx:abap xmlns:asx="http://www.sap.com/abapxml" version="1.0">
  <asx:values>
   <DD02V>
    <TABNAME>ZRS_3TT_ABRUFKOPF_S</TABNAME>
    <TABCLASS>INTTAB</TABCLASS>
   </DD02V>
   <DD03P_TABLE>
    <DD03P>
     <TABNAME>ZRS_3TT_ABRUFKOPF_S</TABNAME>
     <FIELDNAME>MANDT</FIELDNAME>
     <POSITION>0001</POSITION>
     <ROLLNAME>ZRS_3TT_DE_MANDT</ROLLNAME>
     <ADMINFIELD>0</ADMINFIELD>
     <COMPTYPE>E</COMPTYPE>
    </DD03P>
    <DD03P>
     <TABNAME>ZRS_3TT_ABRUFKOPF_S</TABNAME>
     <FIELDNAME>ABRUFNUMMER</FIELDNAME>
     <POSITION>0002</POSITION>
     <ROLLNAME>ZRS_3TT_DE_ABRUFNUMMR</ROLLNAME>
     <ADMINFIELD>0</ADMINFIELD>
     <COMPTYPE>E</COMPTYPE>
    </DD03P>
    <DD03P>
     <TABNAME>ZRS_3TT_ABRUFKOPF_S</TABNAME>
     <FIELDNAME>VORHABENSNUMMER</FIELDNAME>
     <POSITION>0003</POSITION>
     <ROLLNAME>ZRS_3TT_DE_VRHBNSNMMR</ROLLNAME>
     <ADMINFIELD>0</ADMINFIELD>
     <COMPTYPE>E</COMPTYPE>
    </DD03P>
    <DD03P>
     <TABNAME>ZRS_3TT_ABRUFKOPF_S</TABNAME>
     <FIELDNAME>ABGERUFEN_DURCH</FIELDNAME>
     <POSITION>0004</POSITION>
     <ROLLNAME>ZRS_3TT_DE_ABGERUFEND</ROLLNAME>
     <ADMINFIELD>0</ADMINFIELD>
     <COMPTYPE>E</COMPTYPE>
    </DD03P>
    <DD03P>
     <TABNAME>ZRS_3TT_ABRUFKOPF_S</TABNAME>
     <FIELDNAME>ABGERUFEN_AM</FIELDNAME>
     <POSITION>0005</POSITION>
     <ROLLNAME>ZRS_3TT_DE_ABGERUFENA</ROLLNAME>
     <ADMINFIELD>0</ADMINFIELD>
     <SHLPORIGIN>T</SHLPORIGIN>
     <COMPTYPE>E</COMPTYPE>
    </DD03P>
    <DD03P>
     <TABNAME>ZRS_3TT_ABRUFKOPF_S</TABNAME>
     <FIELDNAME>EINZELVERTRAG</FIELDNAME>
     <POSITION>0006</POSITION>
     <ROLLNAME>ZRS_3TT_DE_EINZLVRTRG</ROLLNAME>
     <ADMINFIELD>0</ADMINFIELD>
     <VALEXI>X</VALEXI>
     <SHLPORIGIN>F</SHLPORIGIN>
     <COMPTYPE>E</COMPTYPE>
    </DD03P>
    <DD03P>
     <TABNAME>ZRS_3TT_ABRUFKOPF_S</TABNAME>
     <FIELDNAME>VERRECHNUNGSELEMENT</FIELDNAME>
     <POSITION>0007</POSITION>
     <ROLLNAME>ZRS_3TT_DE_VRCHNGSELM</ROLLNAME>
     <ADMINFIELD>0</ADMINFIELD>
     <COMPTYPE>E</COMPTYPE>
    </DD03P>
    <DD03P>
     <TABNAME>ZRS_3TT_ABRUFKOPF_S</TABNAME>
     <FIELDNAME>TYP_VERRECHNUNGSELEMENT</FIELDNAME>
     <POSITION>0008</POSITION>
     <ROLLNAME>ZRS_3TT_DE_TYPVERCHEL</ROLLNAME>
     <ADMINFIELD>0</ADMINFIELD>
     <VALEXI>X</VALEXI>
     <SHLPORIGIN>F</SHLPORIGIN>
     <COMPTYPE>E</COMPTYPE>
    </DD03P>
    <DD03P>
     <TABNAME>ZRS_3TT_ABRUFKOPF_S</TABNAME>
     <FIELDNAME>STATUS_ABRUF</FIELDNAME>
     <POSITION>0009</POSITION>
     <ROLLNAME>ZRS_3TT_DE_STATUSABRF</ROLLNAME>
     <ADMINFIELD>0</ADMINFIELD>
     <COMPTYPE>E</COMPTYPE>
    </DD03P>
    <DD03P>
     <TABNAME>ZRS_3TT_ABRUFKOPF_S</TABNAME>
     <FIELDNAME>NOTIZ</FIELDNAME>
     <POSITION>0010</POSITION>
     <ROLLNAME>ZRS_3TT_DE_NOTIZ</ROLLNAME>
     <ADMINFIELD>0</ADMINFIELD>
     <COMPTYPE>E</COMPTYPE>
    </DD03P>
    <DD03P>
     <TABNAME>ZRS_3TT_ABRUFKOPF_S</TABNAME>
     <FIELDNAME>LASTCHANGEDBY</FIELDNAME>
     <POSITION>0011</POSITION>
     <ROLLNAME>ERNAM</ROLLNAME>
     <ADMINFIELD>0</ADMINFIELD>
     <COMPTYPE>E</COMPTYPE>
    </DD03P>
    <DD03P>
     <TABNAME>ZRS_3TT_ABRUFKOPF_S</TABNAME>
     <FIELDNAME>LASTCHANGEDON</FIELDNAME>
     <POSITION>0012</POSITION>
     <ROLLNAME>TIMESTAMP</ROLLNAME>
     <ADMINFIELD>0</ADMINFIELD>
     <COMPTYPE>E</COMPTYPE>
    </DD03P>
    <DD03P>
     <TABNAME>ZRS_3TT_ABRUFKOPF_S</TABNAME>
     <FIELDNAME>PROJEKTLEITER</FIELDNAME>
     <POSITION>0013</POSITION>
     <ROLLNAME>ZRS_3TT_DE_PROJEKTLEITER</ROLLNAME>
     <ADMINFIELD>0</ADMINFIELD>
     <COMPTYPE>E</COMPTYPE>
    </DD03P>
    <DD03P>
     <TABNAME>ZRS_3TT_ABRUFKOPF_S</TABNAME>
     <FIELDNAME>STV_PROJEKTLEITER</FIELDNAME>
     <POSITION>0014</POSITION>
     <ROLLNAME>ZRS_3TT_DE_STVPROJEKT</ROLLNAME>
     <ADMINFIELD>0</ADMINFIELD>
     <COMPTYPE>E</COMPTYPE>
    </DD03P>
    <DD03P>
     <TABNAME>ZRS_3TT_ABRUFKOPF_S</TABNAME>
     <FIELDNAME>SOFTWARE_ARCHITEKT</FIELDNAME>
     <POSITION>0015</POSITION>
     <ROLLNAME>ZRS_3TT_DE_SOFTARCH</ROLLNAME>
     <ADMINFIELD>0</ADMINFIELD>
     <COMPTYPE>E</COMPTYPE>
    </DD03P>
    <DD03P>
     <TABNAME>ZRS_3TT_ABRUFKOPF_S</TABNAME>
     <FIELDNAME>STV_SWA</FIELDNAME>
     <POSITION>0016</POSITION>
     <ROLLNAME>ZRS_3TT_DE_STVSWA</ROLLNAME>
     <ADMINFIELD>0</ADMINFIELD>
     <COMPTYPE>E</COMPTYPE>
    </DD03P>
    <DD03P>
     <TABNAME>ZRS_3TT_ABRUFKOPF_S</TABNAME>
     <FIELDNAME>SERVICE_SPOC</FIELDNAME>
     <POSITION>0017</POSITION>
     <ROLLNAME>ZRS_3TT_DE_SVCSPOC</ROLLNAME>
     <ADMINFIELD>0</ADMINFIELD>
     <COMPTYPE>E</COMPTYPE>
    </DD03P>
    <DD03P>
     <TABNAME>ZRS_3TT_ABRUFKOPF_S</TABNAME>
     <FIELDNAME>STV_SSPOC</FIELDNAME>
     <POSITION>0018</POSITION>
     <ROLLNAME>ZRS_3TT_DE_STVSPOC</ROLLNAME>
     <ADMINFIELD>0</ADMINFIELD>
     <COMPTYPE>E</COMPTYPE>
    </DD03P>
    <DD03P>
     <TABNAME>ZRS_3TT_ABRUFKOPF_S</TABNAME>
     <FIELDNAME>STATUS</FIELDNAME>
     <POSITION>0019</POSITION>
     <ROLLNAME>ZRS_3TT_DE_STATUS</ROLLNAME>
     <ADMINFIELD>0</ADMINFIELD>
     <COMPTYPE>E</COMPTYPE>
    </DD03P>
    <DD03P>
     <TABNAME>ZRS_3TT_ABRUFKOPF_S</TABNAME>
     <FIELDNAME>STATUS_DESC</FIELDNAME>
     <POSITION>0020</POSITION>
     <ROLLNAME>ZRS_3TT_DE_STATUS_T</ROLLNAME>
     <ADMINFIELD>0</ADMINFIELD>
     <COMPTYPE>E</COMPTYPE>
    </DD03P>
    <DD03P>
     <TABNAME>ZRS_3TT_ABRUFKOPF_S</TABNAME>
     <FIELDNAME>ACCT_ELEMENT_TYPE_DESC</FIELDNAME>
     <POSITION>0021</POSITION>
     <ROLLNAME>ZRS_3TT_DE_TYPVERCHEL_T</ROLLNAME>
     <ADMINFIELD>0</ADMINFIELD>
     <COMPTYPE>E</COMPTYPE>
    </DD03P>
    <DD03P>
     <TABNAME>ZRS_3TT_ABRUFKOPF_S</TABNAME>
     <FIELDNAME>ACCT_ELEMENT_DESC</FIELDNAME>
     <POSITION>0022</POSITION>
     <ROLLNAME>ZRS_3TT_XKONT_ELEM_DESCR</ROLLNAME>
     <ADMINFIELD>0</ADMINFIELD>
     <COMPTYPE>E</COMPTYPE>
    </DD03P>
    <DD03P>
     <TABNAME>ZRS_3TT_ABRUFKOPF_S</TABNAME>
     <FIELDNAME>INDIVIDUAL_CONTRACT_DESC</FIELDNAME>
     <POSITION>0023</POSITION>
     <ROLLNAME>ZRS_3TT_DE_BESCHEIBNG</ROLLNAME>
     <ADMINFIELD>0</ADMINFIELD>
     <COMPTYPE>E</COMPTYPE>
    </DD03P>
    <DD03P>
     <TABNAME>ZRS_3TT_ABRUFKOPF_S</TABNAME>
     <FIELDNAME>IS_EDIT</FIELDNAME>
     <POSITION>0024</POSITION>
     <ROLLNAME>BOOLEAN</ROLLNAME>
     <ADMINFIELD>0</ADMINFIELD>
     <VALEXI>X</VALEXI>
     <SHLPORIGIN>F</SHLPORIGIN>
     <COMPTYPE>E</COMPTYPE>
    </DD03P>
   </DD03P_TABLE>
   <I18N_LANGS>
    <LANGU>D</LANGU>
   </I18N_LANGS>
   <DD02_TEXTS>
    <item>
     <DDLANGUAGE>D</DDLANGUAGE>
     <DDTEXT>Abruf Kopf Structure</DDTEXT>
    </item>
   </DD02_TEXTS>
  </asx:values>
 </asx:abap>
</abapGit>
