﻿<?xml version="1.0" encoding="utf-8"?>
<abapGit version="v1.0.0" serializer="LCL_OBJECT_DOMA" serializer_version="v1.0.0">
 <asx:abap xmlns:asx="http://www.sap.com/abapxml" version="1.0">
  <asx:values>
   <DD01V>
    <DOMNAME>ZRS_3TT_DO_FUNKBERCH</DOMNAME>
    <DATATYPE>CHAR</DATATYPE>
    <LENG>000010</LENG>
    <OUTPUTLEN>000010</OUTPUTLEN>
    <LOWERCASE>X</LOWERCASE>
    <VALEXI>X</VALEXI>
   </DD01V>
   <DD07V_TAB>
    <DD07V>
     <DOMNAME>ZRS_3TT_DO_FUNKBERCH</DOMNAME>
     <VALPOS>0001</VALPOS>
     <DDLANGUAGE>E</DDLANGUAGE>
     <DOMVALUE_L>HR</DOMVALUE_L>
     <DDTEXT>HR</DDTEXT>
    </DD07V>
    <DD07V>
     <DOMNAME>ZRS_3TT_DO_FUNKBERCH</DOMNAME>
     <VALPOS>0002</VALPOS>
     <DDLANGUAGE>E</DDLANGUAGE>
     <DOMVALUE_L>FI/CO</DOMVALUE_L>
     <DDTEXT>FI/CO</DDTEXT>
    </DD07V>
    <DD07V>
     <DOMNAME>ZRS_3TT_DO_FUNKBERCH</DOMNAME>
     <VALPOS>0003</VALPOS>
     <DDLANGUAGE>E</DDLANGUAGE>
     <DOMVALUE_L>LOG</DOMVALUE_L>
     <DDTEXT>LOG</DDTEXT>
    </DD07V>
    <DD07V>
     <DOMNAME>ZRS_3TT_DO_FUNKBERCH</DOMNAME>
     <VALPOS>0004</VALPOS>
     <DDLANGUAGE>E</DDLANGUAGE>
     <DOMVALUE_L>ERP</DOMVALUE_L>
     <DDTEXT>ERP</DDTEXT>
    </DD07V>
    <DD07V>
     <DOMNAME>ZRS_3TT_DO_FUNKBERCH</DOMNAME>
     <VALPOS>0005</VALPOS>
     <DDLANGUAGE>E</DDLANGUAGE>
     <DOMVALUE_L>ANALYTICS</DOMVALUE_L>
     <DDTEXT>Analytics</DDTEXT>
    </DD07V>
    <DD07V>
     <DOMNAME>ZRS_3TT_DO_FUNKBERCH</DOMNAME>
     <VALPOS>0006</VALPOS>
     <DDLANGUAGE>E</DDLANGUAGE>
     <DOMVALUE_L>IT4.0</DOMVALUE_L>
     <DDTEXT>IT4.0 DSO/Services</DDTEXT>
    </DD07V>
   </DD07V_TAB>
   <I18N_LANGS>
    <LANGU>D</LANGU>
   </I18N_LANGS>
   <DD01_TEXTS>
    <item>
     <DDLANGUAGE>D</DDLANGUAGE>
     <DDTEXT>Trichtertool: Funktionaler Bereich, Domäne</DDTEXT>
    </item>
   </DD01_TEXTS>
   <DD07_TEXTS>
    <item>
     <VALPOS>0001</VALPOS>
     <DDLANGUAGE>D</DDLANGUAGE>
     <DOMVALUE_L>HR</DOMVALUE_L>
     <DDTEXT>HR</DDTEXT>
    </item>
    <item>
     <VALPOS>0002</VALPOS>
     <DDLANGUAGE>D</DDLANGUAGE>
     <DOMVALUE_L>FI/CO</DOMVALUE_L>
     <DDTEXT>FI/CO</DDTEXT>
    </item>
    <item>
     <VALPOS>0003</VALPOS>
     <DDLANGUAGE>D</DDLANGUAGE>
     <DOMVALUE_L>LOG</DOMVALUE_L>
     <DDTEXT>LOG</DDTEXT>
    </item>
    <item>
     <VALPOS>0004</VALPOS>
     <DDLANGUAGE>D</DDLANGUAGE>
     <DOMVALUE_L>ERP</DOMVALUE_L>
     <DDTEXT>ERP</DDTEXT>
    </item>
    <item>
     <VALPOS>0005</VALPOS>
     <DDLANGUAGE>D</DDLANGUAGE>
     <DOMVALUE_L>ANALYTICS</DOMVALUE_L>
     <DDTEXT>Analytics</DDTEXT>
    </item>
    <item>
     <VALPOS>0006</VALPOS>
     <DDLANGUAGE>D</DDLANGUAGE>
     <DOMVALUE_L>IT4.0</DOMVALUE_L>
     <DDTEXT>IT4.0 DSO/Services</DDTEXT>
    </item>
   </DD07_TEXTS>
  </asx:values>
 </asx:abap>
</abapGit>
