﻿<?xml version="1.0" encoding="utf-8"?>
<abapGit version="v1.0.0" serializer="LCL_OBJECT_DTEL" serializer_version="v1.0.0">
 <asx:abap xmlns:asx="http://www.sap.com/abapxml" version="1.0">
  <asx:values>
   <DD04V>
    <ROLLNAME>ZRS_3TT_DE_NOTIZ</ROLLNAME>
    <DDLANGUAGE>E</DDLANGUAGE>
    <HEADLEN>55</HEADLEN>
    <SCRLEN1>10</SCRLEN1>
    <SCRLEN2>20</SCRLEN2>
    <SCRLEN3>40</SCRLEN3>
    <DDTEXT>Note</DDTEXT>
    <REPTEXT>Note</REPTEXT>
    <SCRTEXT_S>Note</SCRTEXT_S>
    <SCRTEXT_M>Note</SCRTEXT_M>
    <SCRTEXT_L>Note</SCRTEXT_L>
    <DTELMASTER>D</DTELMASTER>
    <DATATYPE>STRG</DATATYPE>
   </DD04V>
   <I18N_LANGS>
    <LANGU>D</LANGU>
   </I18N_LANGS>
   <DD04_TEXTS>
    <item>
     <DDLANGUAGE>D</DDLANGUAGE>
     <DDTEXT>Trichtertool: Notiz</DDTEXT>
     <REPTEXT>NOTIZ</REPTEXT>
     <SCRTEXT_S>NOTIZ</SCRTEXT_S>
     <SCRTEXT_M>NOTIZ</SCRTEXT_M>
     <SCRTEXT_L>NOTIZ</SCRTEXT_L>
    </item>
   </DD04_TEXTS>
  </asx:values>
 </asx:abap>
</abapGit>
