﻿<?xml version="1.0" encoding="utf-8"?>
<abapGit version="v1.0.0" serializer="LCL_OBJECT_DTEL" serializer_version="v1.0.0">
 <asx:abap xmlns:asx="http://www.sap.com/abapxml" version="1.0">
  <asx:values>
   <DD04V>
    <ROLLNAME>ZRS_3TT_DE_VRCHNGSELM</ROLLNAME>
    <DDLANGUAGE>E</DDLANGUAGE>
    <HEADLEN>20</HEADLEN>
    <SCRLEN1>10</SCRLEN1>
    <SCRLEN2>20</SCRLEN2>
    <SCRLEN3>40</SCRLEN3>
    <DDTEXT>Offsetting element</DDTEXT>
    <REPTEXT>Offsetting element</REPTEXT>
    <SCRTEXT_S>Offsetting</SCRTEXT_S>
    <SCRTEXT_M>Offsetting element</SCRTEXT_M>
    <SCRTEXT_L>Offsetting element</SCRTEXT_L>
    <DTELMASTER>D</DTELMASTER>
    <DATATYPE>CHAR</DATATYPE>
    <LENG>000020</LENG>
    <OUTPUTLEN>000020</OUTPUTLEN>
   </DD04V>
   <I18N_LANGS>
    <LANGU>D</LANGU>
   </I18N_LANGS>
   <DD04_TEXTS>
    <item>
     <DDLANGUAGE>D</DDLANGUAGE>
     <DDTEXT>Trichtertool: Verrechnungselement</DDTEXT>
     <REPTEXT>Verrechnungselement</REPTEXT>
     <SCRTEXT_S>Verrechnun</SCRTEXT_S>
     <SCRTEXT_M>Verrechnungselement</SCRTEXT_M>
     <SCRTEXT_L>Verrechnungselement</SCRTEXT_L>
    </item>
   </DD04_TEXTS>
  </asx:values>
 </asx:abap>
</abapGit>
