﻿<?xml version="1.0" encoding="utf-8"?>
<abapGit version="v1.0.0" serializer="LCL_OBJECT_DTEL" serializer_version="v1.0.0">
 <asx:abap xmlns:asx="http://www.sap.com/abapxml" version="1.0">
  <asx:values>
   <DD04V>
    <ROLLNAME>ZRS_3TT_XKONT_ELEM_ID</ROLLNAME>
    <DOMNAME>PS_POSID</DOMNAME>
    <HEADLEN>30</HEADLEN>
    <SCRLEN1>02</SCRLEN1>
    <SCRLEN2>20</SCRLEN2>
    <SCRLEN3>30</SCRLEN3>
    <DTELMASTER>D</DTELMASTER>
    <REFKIND>D</REFKIND>
   </DD04V>
   <I18N_LANGS>
    <LANGU>D</LANGU>
   </I18N_LANGS>
   <DD04_TEXTS>
    <item>
     <DDLANGUAGE>D</DDLANGUAGE>
     <DDTEXT>Trichtertool: ID Kontierungselement</DDTEXT>
     <REPTEXT>ID Kontierungselement</REPTEXT>
     <SCRTEXT_S>ID</SCRTEXT_S>
     <SCRTEXT_M>ID Kontierungselem.</SCRTEXT_M>
     <SCRTEXT_L>ID Kontierungselement</SCRTEXT_L>
    </item>
   </DD04_TEXTS>
  </asx:values>
 </asx:abap>
</abapGit>
