﻿<?xml version="1.0" encoding="utf-8"?>
<abapGit version="v1.0.0" serializer="LCL_OBJECT_DTEL" serializer_version="v1.0.0">
 <asx:abap xmlns:asx="http://www.sap.com/abapxml" version="1.0">
  <asx:values>
   <DD04V>
    <ROLLNAME>ZRS_3TT_DE_WERTOBJEKT</ROLLNAME>
    <DDLANGUAGE>E</DDLANGUAGE>
    <HEADLEN>55</HEADLEN>
    <SCRLEN1>10</SCRLEN1>
    <SCRLEN2>20</SCRLEN2>
    <SCRLEN3>40</SCRLEN3>
    <DDTEXT>Value object</DDTEXT>
    <REPTEXT>Value object</REPTEXT>
    <SCRTEXT_S>Value obj</SCRTEXT_S>
    <SCRTEXT_M>Value object</SCRTEXT_M>
    <SCRTEXT_L>Value object</SCRTEXT_L>
    <DTELMASTER>D</DTELMASTER>
    <DATATYPE>QUAN</DATATYPE>
    <LENG>000005</LENG>
    <DECIMALS>000002</DECIMALS>
    <OUTPUTLEN>000006</OUTPUTLEN>
   </DD04V>
   <I18N_LANGS>
    <LANGU>D</LANGU>
   </I18N_LANGS>
   <DD04_TEXTS>
    <item>
     <DDLANGUAGE>D</DDLANGUAGE>
     <DDTEXT>Trichtertool: Wert Objekt</DDTEXT>
     <REPTEXT>Wert Objekt</REPTEXT>
     <SCRTEXT_S>Wert Objek</SCRTEXT_S>
     <SCRTEXT_M>Wert Objekt</SCRTEXT_M>
     <SCRTEXT_L>Wert Objekt</SCRTEXT_L>
    </item>
   </DD04_TEXTS>
  </asx:values>
 </asx:abap>
</abapGit>
