﻿<?xml version="1.0" encoding="utf-8"?>
<abapGit version="v1.0.0" serializer="LCL_OBJECT_VIEW" serializer_version="v1.0.0">
 <asx:abap xmlns:asx="http://www.sap.com/abapxml" version="1.0">
  <asx:values>
   <DD25V>
    <VIEWNAME>ZRS_P_3TT_ZUVORA</VIEWNAME>
    <AS4LOCAL>A</AS4LOCAL>
    <AGGTYPE>V</AGGTYPE>
    <ROOTTAB>ZRS_3TT_ZUVORANW</ROOTTAB>
    <VIEWCLASS>C</VIEWCLASS>
    <CUSTOMAUTH>A</CUSTOMAUTH>
    <GLOBALFLAG>X</GLOBALFLAG>
   </DD25V>
   <DD26V_TABLE>
    <DD26V>
     <VIEWNAME>ZRS_P_3TT_ZUVORA</VIEWNAME>
     <TABNAME>ZRS_3TT_ZUVORANW</TABNAME>
     <TABPOS>0001</TABPOS>
     <FORTABNAME>ZRS_3TT_ZUVORANW</FORTABNAME>
    </DD26V>
   </DD26V_TABLE>
   <DD27P_TABLE>
    <DD27P>
     <VIEWNAME>ZRS_P_3TT_ZUVORA</VIEWNAME>
     <OBJPOS>0001</OBJPOS>
     <DDLANGUAGE>E</DDLANGUAGE>
     <VIEWFIELD>MANDT</VIEWFIELD>
     <TABNAME>ZRS_3TT_ZUVORANW</TABNAME>
     <FIELDNAME>MANDT</FIELDNAME>
     <KEYFLAG>X</KEYFLAG>
     <ROLLNAME>ZRS_3TT_DE_MANDT</ROLLNAME>
     <ROLLNAMEVI>ZRS_3TT_DE_MANDT</ROLLNAMEVI>
    </DD27P>
    <DD27P>
     <VIEWNAME>ZRS_P_3TT_ZUVORA</VIEWNAME>
     <OBJPOS>0002</OBJPOS>
     <DDLANGUAGE>E</DDLANGUAGE>
     <VIEWFIELD>VORHABENSNUMMER</VIEWFIELD>
     <TABNAME>ZRS_3TT_ZUVORANW</TABNAME>
     <FIELDNAME>VORHABENSNUMMER</FIELDNAME>
     <KEYFLAG>X</KEYFLAG>
     <ROLLNAME>ZRS_3TT_DE_VRHBNSNMMR</ROLLNAME>
     <ROLLNAMEVI>ZRS_3TT_DE_VRHBNSNMMR</ROLLNAMEVI>
    </DD27P>
    <DD27P>
     <VIEWNAME>ZRS_P_3TT_ZUVORA</VIEWNAME>
     <OBJPOS>0003</OBJPOS>
     <DDLANGUAGE>E</DDLANGUAGE>
     <VIEWFIELD>USERID</VIEWFIELD>
     <TABNAME>ZRS_3TT_ZUVORANW</TABNAME>
     <FIELDNAME>USERID</FIELDNAME>
     <KEYFLAG>X</KEYFLAG>
     <ROLLNAME>ZRS_3TT_DE_USERID</ROLLNAME>
     <ROLLNAMEVI>ZRS_3TT_DE_USERID</ROLLNAMEVI>
    </DD27P>
    <DD27P>
     <VIEWNAME>ZRS_P_3TT_ZUVORA</VIEWNAME>
     <OBJPOS>0004</OBJPOS>
     <VIEWFIELD>ZRS_TTOOL</VIEWFIELD>
     <TABNAME>ZRS_3TT_ZUVORANW</TABNAME>
     <FIELDNAME>ZRS_TTOOL</FIELDNAME>
     <KEYFLAG>X</KEYFLAG>
     <ROLLNAME>ZRS_3TT_ROLE</ROLLNAME>
     <ROLLNAMEVI>ZRS_3TT_ROLE</ROLLNAMEVI>
    </DD27P>
    <DD27P>
     <VIEWNAME>ZRS_P_3TT_ZUVORA</VIEWNAME>
     <OBJPOS>0005</OBJPOS>
     <DDLANGUAGE>E</DDLANGUAGE>
     <VIEWFIELD>GUELTIG_AB</VIEWFIELD>
     <TABNAME>ZRS_3TT_ZUVORANW</TABNAME>
     <FIELDNAME>GUELTIG_AB</FIELDNAME>
     <KEYFLAG>X</KEYFLAG>
     <ROLLNAME>ZRS_3TT_DE_GULTIG_AB</ROLLNAME>
     <ROLLNAMEVI>ZRS_3TT_DE_GULTIG_AB</ROLLNAMEVI>
     <SHLPORIGIN>T</SHLPORIGIN>
    </DD27P>
    <DD27P>
     <VIEWNAME>ZRS_P_3TT_ZUVORA</VIEWNAME>
     <OBJPOS>0006</OBJPOS>
     <DDLANGUAGE>E</DDLANGUAGE>
     <VIEWFIELD>GUELTIG_BIS</VIEWFIELD>
     <TABNAME>ZRS_3TT_ZUVORANW</TABNAME>
     <FIELDNAME>GUELTIG_BIS</FIELDNAME>
     <ROLLNAME>ZRS_3TT_DE_GULTIG_BIS</ROLLNAME>
     <ROLLNAMEVI>ZRS_3TT_DE_GULTIG_BIS</ROLLNAMEVI>
     <SHLPORIGIN>T</SHLPORIGIN>
    </DD27P>
   </DD27P_TABLE>
  </asx:values>
 </asx:abap>
</abapGit>
