﻿<?xml version="1.0" encoding="utf-8"?>
<abapGit version="v1.0.0" serializer="LCL_OBJECT_VIEW" serializer_version="v1.0.0">
 <asx:abap xmlns:asx="http://www.sap.com/abapxml" version="1.0">
  <asx:values>
   <DD25V>
    <VIEWNAME>ZRS_P_3TT_ROLES</VIEWNAME>
    <AS4LOCAL>A</AS4LOCAL>
    <AGGTYPE>V</AGGTYPE>
    <ROOTTAB>ZRS_3TT_ROLES</ROOTTAB>
    <VIEWCLASS>C</VIEWCLASS>
    <CUSTOMAUTH>C</CUSTOMAUTH>
    <GLOBALFLAG>X</GLOBALFLAG>
   </DD25V>
   <DD26V_TABLE>
    <DD26V>
     <VIEWNAME>ZRS_P_3TT_ROLES</VIEWNAME>
     <TABNAME>ZRS_3TT_ROLES</TABNAME>
     <TABPOS>0001</TABPOS>
     <FORTABNAME>ZRS_3TT_ROLES</FORTABNAME>
    </DD26V>
    <DD26V>
     <VIEWNAME>ZRS_P_3TT_ROLES</VIEWNAME>
     <TABNAME>ZRS_3TT_ROLES_T</TABNAME>
     <TABPOS>0002</TABPOS>
     <FORTABNAME>ZRS_3TT_ROLES</FORTABNAME>
     <FORFIELD>ZRS_TTOOL</FORFIELD>
     <FORDIR>I</FORDIR>
    </DD26V>
   </DD26V_TABLE>
   <DD27P_TABLE>
    <DD27P>
     <VIEWNAME>ZRS_P_3TT_ROLES</VIEWNAME>
     <OBJPOS>0001</OBJPOS>
     <VIEWFIELD>ZRS_TTOOL</VIEWFIELD>
     <TABNAME>ZRS_3TT_ROLES</TABNAME>
     <FIELDNAME>ZRS_TTOOL</FIELDNAME>
     <KEYFLAG>X</KEYFLAG>
     <ROLLNAME>ZRS_3TT_ROLE</ROLLNAME>
     <ROLLNAMEVI>ZRS_3TT_ROLE</ROLLNAMEVI>
    </DD27P>
    <DD27P>
     <VIEWNAME>ZRS_P_3TT_ROLES</VIEWNAME>
     <OBJPOS>0002</OBJPOS>
     <DDLANGUAGE>E</DDLANGUAGE>
     <VIEWFIELD>LTEXT</VIEWFIELD>
     <TABNAME>ZRS_3TT_ROLES_T</TABNAME>
     <FIELDNAME>LTEXT</FIELDNAME>
     <ROLLNAME>XUTXT30</ROLLNAME>
     <ROLLNAMEVI>XUTXT30</ROLLNAMEVI>
    </DD27P>
   </DD27P_TABLE>
   <DD28J_TABLE>
    <DD28J>
     <VIEWNAME>ZRS_P_3TT_ROLES</VIEWNAME>
     <LTAB>ZRS_3TT_ROLES</LTAB>
     <LFIELD>ZRS_TTOOL</LFIELD>
     <OPERATOR>EQ</OPERATOR>
     <RTAB>ZRS_3TT_ROLES_T</RTAB>
     <RFIELD>ZRS_TTOOL</RFIELD>
     <SOURCE>F</SOURCE>
     <FRKTAB>ZRS_3TT_ROLES_T</FRKTAB>
     <FRKFIELD>ZRS_TTOOL</FRKFIELD>
     <FRKDIR>I</FRKDIR>
    </DD28J>
   </DD28J_TABLE>
  </asx:values>
 </asx:abap>
</abapGit>
