﻿<?xml version="1.0" encoding="utf-8"?>
<abapGit version="v1.0.0" serializer="LCL_OBJECT_TABL" serializer_version="v1.0.0">
 <asx:abap xmlns:asx="http://www.sap.com/abapxml" version="1.0">
  <asx:values>
   <DD02V>
    <TABNAME>ZRS_3TT_ABRUFKOP</TABNAME>
    <TABCLASS>TRANSP</TABCLASS>
    <CLIDEP>X</CLIDEP>
    <MAINFLAG>X</MAINFLAG>
    <CONTFLAG>A</CONTFLAG>
    <EXCLASS>1</EXCLASS>
   </DD02V>
   <DD09L>
    <TABNAME>ZRS_3TT_ABRUFKOP</TABNAME>
    <AS4LOCAL>A</AS4LOCAL>
    <TABKAT>8</TABKAT>
    <TABART>APPL1</TABART>
    <BUFALLOW>N</BUFALLOW>
   </DD09L>
   <DD03P_TABLE>
    <DD03P>
     <TABNAME>ZRS_3TT_ABRUFKOP</TABNAME>
     <FIELDNAME>MANDT</FIELDNAME>
     <POSITION>0001</POSITION>
     <KEYFLAG>X</KEYFLAG>
     <ROLLNAME>ZRS_3TT_DE_MANDT</ROLLNAME>
     <ADMINFIELD>0</ADMINFIELD>
     <NOTNULL>X</NOTNULL>
     <COMPTYPE>E</COMPTYPE>
    </DD03P>
    <DD03P>
     <TABNAME>ZRS_3TT_ABRUFKOP</TABNAME>
     <FIELDNAME>ABRUFNUMMER</FIELDNAME>
     <POSITION>0002</POSITION>
     <KEYFLAG>X</KEYFLAG>
     <ROLLNAME>ZRS_3TT_DE_ABRUFNUMMR</ROLLNAME>
     <ADMINFIELD>0</ADMINFIELD>
     <NOTNULL>X</NOTNULL>
     <COMPTYPE>E</COMPTYPE>
    </DD03P>
    <DD03P>
     <TABNAME>ZRS_3TT_ABRUFKOP</TABNAME>
     <FIELDNAME>VORHABENSNUMMER</FIELDNAME>
     <POSITION>0003</POSITION>
     <ROLLNAME>ZRS_3TT_DE_VRHBNSNMMR</ROLLNAME>
     <ADMINFIELD>0</ADMINFIELD>
     <NOTNULL>X</NOTNULL>
     <COMPTYPE>E</COMPTYPE>
    </DD03P>
    <DD03P>
     <TABNAME>ZRS_3TT_ABRUFKOP</TABNAME>
     <FIELDNAME>ABGERUFEN_DURCH</FIELDNAME>
     <POSITION>0004</POSITION>
     <ROLLNAME>ZRS_3TT_DE_ABGERUFEND</ROLLNAME>
     <ADMINFIELD>0</ADMINFIELD>
     <COMPTYPE>E</COMPTYPE>
    </DD03P>
    <DD03P>
     <TABNAME>ZRS_3TT_ABRUFKOP</TABNAME>
     <FIELDNAME>ABGERUFEN_AM</FIELDNAME>
     <POSITION>0005</POSITION>
     <ROLLNAME>ZRS_3TT_DE_ABGERUFENA</ROLLNAME>
     <ADMINFIELD>0</ADMINFIELD>
     <SHLPORIGIN>T</SHLPORIGIN>
     <COMPTYPE>E</COMPTYPE>
    </DD03P>
    <DD03P>
     <TABNAME>ZRS_3TT_ABRUFKOP</TABNAME>
     <FIELDNAME>EINZELVERTRAG</FIELDNAME>
     <POSITION>0006</POSITION>
     <ROLLNAME>ZRS_3TT_DE_EINZLVRTRG</ROLLNAME>
     <ADMINFIELD>0</ADMINFIELD>
     <NOTNULL>X</NOTNULL>
     <VALEXI>X</VALEXI>
     <SHLPORIGIN>F</SHLPORIGIN>
     <COMPTYPE>E</COMPTYPE>
    </DD03P>
    <DD03P>
     <TABNAME>ZRS_3TT_ABRUFKOP</TABNAME>
     <FIELDNAME>VERRECHNUNGSELEMENT</FIELDNAME>
     <POSITION>0007</POSITION>
     <ROLLNAME>ZRS_3TT_DE_VRCHNGSELM</ROLLNAME>
     <ADMINFIELD>0</ADMINFIELD>
     <NOTNULL>X</NOTNULL>
     <COMPTYPE>E</COMPTYPE>
    </DD03P>
    <DD03P>
     <TABNAME>ZRS_3TT_ABRUFKOP</TABNAME>
     <FIELDNAME>TYP_VERRECHNUNGSELEMENT</FIELDNAME>
     <POSITION>0008</POSITION>
     <ROLLNAME>ZRS_3TT_DE_TYPVERCHEL</ROLLNAME>
     <ADMINFIELD>0</ADMINFIELD>
     <NOTNULL>X</NOTNULL>
     <VALEXI>X</VALEXI>
     <SHLPORIGIN>F</SHLPORIGIN>
     <COMPTYPE>E</COMPTYPE>
    </DD03P>
    <DD03P>
     <TABNAME>ZRS_3TT_ABRUFKOP</TABNAME>
     <FIELDNAME>STATUS_ABRUF</FIELDNAME>
     <POSITION>0009</POSITION>
     <ROLLNAME>ZRS_3TT_DE_STATUSABRF</ROLLNAME>
     <ADMINFIELD>0</ADMINFIELD>
     <NOTNULL>X</NOTNULL>
     <COMPTYPE>E</COMPTYPE>
    </DD03P>
    <DD03P>
     <TABNAME>ZRS_3TT_ABRUFKOP</TABNAME>
     <FIELDNAME>NOTIZ</FIELDNAME>
     <POSITION>0010</POSITION>
     <ROLLNAME>ZRS_3TT_DE_NOTIZ</ROLLNAME>
     <ADMINFIELD>0</ADMINFIELD>
     <COMPTYPE>E</COMPTYPE>
    </DD03P>
    <DD03P>
     <TABNAME>ZRS_3TT_ABRUFKOP</TABNAME>
     <FIELDNAME>LASTCHANGEDBY</FIELDNAME>
     <POSITION>0011</POSITION>
     <ROLLNAME>ERNAM</ROLLNAME>
     <ADMINFIELD>0</ADMINFIELD>
     <COMPTYPE>E</COMPTYPE>
    </DD03P>
    <DD03P>
     <TABNAME>ZRS_3TT_ABRUFKOP</TABNAME>
     <FIELDNAME>LASTCHANGEDON</FIELDNAME>
     <POSITION>0012</POSITION>
     <ROLLNAME>TIMESTAMP</ROLLNAME>
     <ADMINFIELD>0</ADMINFIELD>
     <COMPTYPE>E</COMPTYPE>
    </DD03P>
   </DD03P_TABLE>
   <I18N_LANGS>
    <LANGU>D</LANGU>
   </I18N_LANGS>
   <DD02_TEXTS>
    <item>
     <DDLANGUAGE>D</DDLANGUAGE>
     <DDTEXT>Trichtertool: Abruf-Kopf</DDTEXT>
    </item>
   </DD02_TEXTS>
  </asx:values>
 </asx:abap>
</abapGit>
