﻿<?xml version="1.0" encoding="utf-8"?>
<abapGit version="v1.0.0" serializer="LCL_OBJECT_DOMA" serializer_version="v1.0.0">
 <asx:abap xmlns:asx="http://www.sap.com/abapxml" version="1.0">
  <asx:values>
   <DD01V>
    <DOMNAME>ZRS_3TT_ROLE</DOMNAME>
    <DATATYPE>CHAR</DATATYPE>
    <LENG>000005</LENG>
    <OUTPUTLEN>000005</OUTPUTLEN>
    <ENTITYTAB>ZRS_3TT_ROLES</ENTITYTAB>
   </DD01V>
   <I18N_LANGS>
    <LANGU>D</LANGU>
   </I18N_LANGS>
   <DD01_TEXTS>
    <item>
     <DDLANGUAGE>D</DDLANGUAGE>
     <DDTEXT>Trichtertool: Rolle</DDTEXT>
    </item>
   </DD01_TEXTS>
  </asx:values>
 </asx:abap>
</abapGit>
