﻿<?xml version="1.0" encoding="utf-8"?>
<abapGit version="v1.0.0" serializer="LCL_OBJECT_DTEL" serializer_version="v1.0.0">
 <asx:abap xmlns:asx="http://www.sap.com/abapxml" version="1.0">
  <asx:values>
   <DD04V>
    <ROLLNAME>ZRS_3TT_DE_MENGE</ROLLNAME>
    <DDLANGUAGE>E</DDLANGUAGE>
    <HEADLEN>11</HEADLEN>
    <SCRLEN1>10</SCRLEN1>
    <SCRLEN2>20</SCRLEN2>
    <SCRLEN3>40</SCRLEN3>
    <DDTEXT>Quantity</DDTEXT>
    <REPTEXT>Quantity</REPTEXT>
    <SCRTEXT_S>Quantity</SCRTEXT_S>
    <SCRTEXT_M>Quantity</SCRTEXT_M>
    <SCRTEXT_L>Quantity</SCRTEXT_L>
    <DTELMASTER>D</DTELMASTER>
    <DATATYPE>DEC</DATATYPE>
    <LENG>000005</LENG>
    <DECIMALS>000001</DECIMALS>
    <OUTPUTLEN>000007</OUTPUTLEN>
   </DD04V>
   <I18N_LANGS>
    <LANGU>D</LANGU>
   </I18N_LANGS>
   <DD04_TEXTS>
    <item>
     <DDLANGUAGE>D</DDLANGUAGE>
     <DDTEXT>Trichtertool: Menge</DDTEXT>
     <REPTEXT>Menge</REPTEXT>
     <SCRTEXT_S>Menge</SCRTEXT_S>
     <SCRTEXT_M>Menge</SCRTEXT_M>
     <SCRTEXT_L>Menge</SCRTEXT_L>
    </item>
   </DD04_TEXTS>
  </asx:values>
 </asx:abap>
</abapGit>
