﻿<?xml version="1.0" encoding="utf-8"?>
<abapGit version="v1.0.0" serializer="LCL_OBJECT_DTEL" serializer_version="v1.0.0">
 <asx:abap xmlns:asx="http://www.sap.com/abapxml" version="1.0">
  <asx:values>
   <DD04V>
    <ROLLNAME>ZRS_3TT_DE_ABGERUFEND</ROLLNAME>
    <DDLANGUAGE>E</DDLANGUAGE>
    <HEADLEN>55</HEADLEN>
    <SCRLEN1>10</SCRLEN1>
    <SCRLEN2>20</SCRLEN2>
    <SCRLEN3>40</SCRLEN3>
    <DDTEXT>Retrieved by</DDTEXT>
    <REPTEXT>Retrieved by</REPTEXT>
    <SCRTEXT_S>RetrievdBy</SCRTEXT_S>
    <SCRTEXT_M>Retrieved by</SCRTEXT_M>
    <SCRTEXT_L>Retrieved by</SCRTEXT_L>
    <DTELMASTER>D</DTELMASTER>
    <DATATYPE>CHAR</DATATYPE>
    <LENG>000008</LENG>
    <OUTPUTLEN>000008</OUTPUTLEN>
   </DD04V>
   <I18N_LANGS>
    <LANGU>D</LANGU>
   </I18N_LANGS>
   <DD04_TEXTS>
    <item>
     <DDLANGUAGE>D</DDLANGUAGE>
     <DDTEXT>Trichtertool: Abgerufen durch</DDTEXT>
     <REPTEXT>Abgerufen durch</REPTEXT>
     <SCRTEXT_S>Abgerufen</SCRTEXT_S>
     <SCRTEXT_M>Abgerufen durch</SCRTEXT_M>
     <SCRTEXT_L>Abgerufen durch</SCRTEXT_L>
    </item>
   </DD04_TEXTS>
  </asx:values>
 </asx:abap>
</abapGit>
