﻿<?xml version="1.0" encoding="utf-8"?>
<abapGit version="v1.0.0" serializer="LCL_OBJECT_TRAN" serializer_version="v1.0.0">
 <asx:abap xmlns:asx="http://www.sap.com/abapxml" version="1.0">
  <asx:values>
   <TSTC>
    <TCODE>ZRS_30003_M1</TCODE>
    <PGMNA>ZRS_30003_M1</PGMNA>
    <DYPNO>1000</DYPNO>
    <CINFO>gA==</CINFO>
   </TSTC>
   <TSTCC>
    <TCODE>ZRS_30003_M1</TCODE>
    <S_WEBGUI>1</S_WEBGUI>
    <S_WIN32>X</S_WIN32>
    <S_PLATIN>X</S_PLATIN>
   </TSTCC>
   <I18N_TPOOL>
    <TSTCT>
     <SPRSL>D</SPRSL>
     <TTEXT>Abruf abschliessen</TTEXT>
    </TSTCT>
   </I18N_TPOOL>
  </asx:values>
 </asx:abap>
</abapGit>
