﻿<?xml version="1.0" encoding="utf-8"?>
<abapGit version="v1.0.0" serializer="LCL_OBJECT_DTEL" serializer_version="v1.0.0">
 <asx:abap xmlns:asx="http://www.sap.com/abapxml" version="1.0">
  <asx:values>
   <DD04V>
    <ROLLNAME>ZRS_3TT_DE_PRJFRCSTAW</ROLLNAME>
    <DDLANGUAGE>E</DDLANGUAGE>
    <HEADLEN>55</HEADLEN>
    <SCRLEN1>10</SCRLEN1>
    <SCRLEN2>20</SCRLEN2>
    <SCRLEN3>40</SCRLEN3>
    <DDTEXT>Forecast AW</DDTEXT>
    <REPTEXT>Forecast AW</REPTEXT>
    <SCRTEXT_S>ForecastAW</SCRTEXT_S>
    <SCRTEXT_M>Forecast AW</SCRTEXT_M>
    <SCRTEXT_L>Forecast AW</SCRTEXT_L>
    <DTELMASTER>D</DTELMASTER>
    <DATATYPE>INT4</DATATYPE>
    <LENG>000010</LENG>
    <OUTPUTLEN>000011</OUTPUTLEN>
   </DD04V>
   <I18N_LANGS>
    <LANGU>D</LANGU>
   </I18N_LANGS>
   <DD04_TEXTS>
    <item>
     <DDLANGUAGE>D</DDLANGUAGE>
     <DDTEXT>Trichtertool: Projekt Forecast AW</DDTEXT>
     <REPTEXT>Projekt Forecast AW</REPTEXT>
     <SCRTEXT_S>Projekt Fo</SCRTEXT_S>
     <SCRTEXT_M>Projekt Forecast AW</SCRTEXT_M>
     <SCRTEXT_L>Projekt Forecast AW</SCRTEXT_L>
    </item>
   </DD04_TEXTS>
  </asx:values>
 </asx:abap>
</abapGit>
