﻿<?xml version="1.0" encoding="utf-8"?>
<abapGit version="v1.0.0" serializer="LCL_OBJECT_VIEW" serializer_version="v1.0.0">
 <asx:abap xmlns:asx="http://www.sap.com/abapxml" version="1.0">
  <asx:values>
   <DD25V>
    <VIEWNAME>ZRS_D_3TT_MDARTK</VIEWNAME>
    <AS4LOCAL>A</AS4LOCAL>
    <AGGTYPE>V</AGGTYPE>
    <ROOTTAB>ZRS_3TT_MDARTIKL</ROOTTAB>
    <VIEWCLASS>D</VIEWCLASS>
    <VIEWGRANT>R</VIEWGRANT>
   </DD25V>
   <DD26V_TABLE>
    <DD26V>
     <VIEWNAME>ZRS_D_3TT_MDARTK</VIEWNAME>
     <TABNAME>ZRS_3TT_MDARTIKL</TABNAME>
     <TABPOS>0001</TABPOS>
     <FORTABNAME>ZRS_3TT_MDARTIKL</FORTABNAME>
    </DD26V>
    <DD26V>
     <VIEWNAME>ZRS_D_3TT_MDARTK</VIEWNAME>
     <TABNAME>ZRS_3TT_MDARTIKT</TABNAME>
     <TABPOS>0002</TABPOS>
    </DD26V>
   </DD26V_TABLE>
   <DD27P_TABLE>
    <DD27P>
     <VIEWNAME>ZRS_D_3TT_MDARTK</VIEWNAME>
     <OBJPOS>0001</OBJPOS>
     <DDLANGUAGE>E</DDLANGUAGE>
     <VIEWFIELD>MANDT</VIEWFIELD>
     <TABNAME>ZRS_3TT_MDARTIKL</TABNAME>
     <FIELDNAME>MANDT</FIELDNAME>
     <KEYFLAG>X</KEYFLAG>
     <ROLLNAME>ZRS_3TT_DE_MANDT</ROLLNAME>
     <ROLLNAMEVI>ZRS_3TT_DE_MANDT</ROLLNAMEVI>
    </DD27P>
    <DD27P>
     <VIEWNAME>ZRS_D_3TT_MDARTK</VIEWNAME>
     <OBJPOS>0002</OBJPOS>
     <DDLANGUAGE>E</DDLANGUAGE>
     <VIEWFIELD>ARTIKELNUMMER</VIEWFIELD>
     <TABNAME>ZRS_3TT_MDARTIKL</TABNAME>
     <FIELDNAME>ARTIKELNUMMER</FIELDNAME>
     <KEYFLAG>X</KEYFLAG>
     <ROLLNAME>ZRS_3TT_DE_ARTIKELNUM</ROLLNAME>
     <ROLLNAMEVI>ZRS_3TT_DE_ARTIKELNUM</ROLLNAMEVI>
    </DD27P>
    <DD27P>
     <VIEWNAME>ZRS_D_3TT_MDARTK</VIEWNAME>
     <OBJPOS>0003</OBJPOS>
     <DDLANGUAGE>E</DDLANGUAGE>
     <VIEWFIELD>SPRACHE</VIEWFIELD>
     <TABNAME>ZRS_3TT_MDARTIKT</TABNAME>
     <FIELDNAME>SPRACHE</FIELDNAME>
     <KEYFLAG>X</KEYFLAG>
     <ROLLNAME>SPRAS</ROLLNAME>
     <ROLLNAMEVI>SPRAS</ROLLNAMEVI>
     <SHLPORIGIN>D</SHLPORIGIN>
     <SHLPNAME>H_T002</SHLPNAME>
     <SHLPFIELD>SPRAS</SHLPFIELD>
     <LOGFLAG>X</LOGFLAG>
    </DD27P>
    <DD27P>
     <VIEWNAME>ZRS_D_3TT_MDARTK</VIEWNAME>
     <OBJPOS>0004</OBJPOS>
     <DDLANGUAGE>E</DDLANGUAGE>
     <VIEWFIELD>GUELTIG_AB</VIEWFIELD>
     <TABNAME>ZRS_3TT_MDARTIKL</TABNAME>
     <FIELDNAME>GUELTIG_AB</FIELDNAME>
     <KEYFLAG>X</KEYFLAG>
     <ROLLNAME>ZRS_3TT_DE_GULTIG_AB</ROLLNAME>
     <ROLLNAMEVI>ZRS_3TT_DE_GULTIG_AB</ROLLNAMEVI>
     <SHLPORIGIN>T</SHLPORIGIN>
    </DD27P>
    <DD27P>
     <VIEWNAME>ZRS_D_3TT_MDARTK</VIEWNAME>
     <OBJPOS>0005</OBJPOS>
     <DDLANGUAGE>E</DDLANGUAGE>
     <VIEWFIELD>GUELTIG_BIS</VIEWFIELD>
     <TABNAME>ZRS_3TT_MDARTIKL</TABNAME>
     <FIELDNAME>GUELTIG_BIS</FIELDNAME>
     <ROLLNAME>ZRS_3TT_DE_GULTIG_BIS</ROLLNAME>
     <ROLLNAMEVI>ZRS_3TT_DE_GULTIG_BIS</ROLLNAMEVI>
     <SHLPORIGIN>T</SHLPORIGIN>
    </DD27P>
    <DD27P>
     <VIEWNAME>ZRS_D_3TT_MDARTK</VIEWNAME>
     <OBJPOS>0006</OBJPOS>
     <DDLANGUAGE>E</DDLANGUAGE>
     <VIEWFIELD>BESCHEIBUNG</VIEWFIELD>
     <TABNAME>ZRS_3TT_MDARTIKT</TABNAME>
     <FIELDNAME>BESCHEIBUNG</FIELDNAME>
     <ROLLNAME>ZRS_3TT_DE_BESCHEIBNG</ROLLNAME>
     <ROLLNAMEVI>ZRS_3TT_DE_BESCHEIBNG</ROLLNAMEVI>
    </DD27P>
    <DD27P>
     <VIEWNAME>ZRS_D_3TT_MDARTK</VIEWNAME>
     <OBJPOS>0007</OBJPOS>
     <DDLANGUAGE>E</DDLANGUAGE>
     <VIEWFIELD>NUMMER_LIEFEROBJEKT</VIEWFIELD>
     <TABNAME>ZRS_3TT_MDARTIKL</TABNAME>
     <FIELDNAME>NUMMER_LIEFEROBJEKT</FIELDNAME>
     <ROLLNAME>ZRS_3TT_DE_NUMMERLIEF</ROLLNAME>
     <ROLLNAMEVI>ZRS_3TT_DE_NUMMERLIEF</ROLLNAMEVI>
    </DD27P>
    <DD27P>
     <VIEWNAME>ZRS_D_3TT_MDARTK</VIEWNAME>
     <OBJPOS>0008</OBJPOS>
     <DDLANGUAGE>E</DDLANGUAGE>
     <VIEWFIELD>NUMMER_KOMPLEXITAET</VIEWFIELD>
     <TABNAME>ZRS_3TT_MDARTIKL</TABNAME>
     <FIELDNAME>NUMMER_KOMPLEXITAET</FIELDNAME>
     <ROLLNAME>ZRS_3TT_DE_NUMMERKOMP</ROLLNAME>
     <ROLLNAMEVI>ZRS_3TT_DE_NUMMERKOMP</ROLLNAMEVI>
    </DD27P>
    <DD27P>
     <VIEWNAME>ZRS_D_3TT_MDARTK</VIEWNAME>
     <OBJPOS>0009</OBJPOS>
     <DDLANGUAGE>E</DDLANGUAGE>
     <VIEWFIELD>NUMMER_KATEGORIE</VIEWFIELD>
     <TABNAME>ZRS_3TT_MDARTIKL</TABNAME>
     <FIELDNAME>NUMMER_KATEGORIE</FIELDNAME>
     <ROLLNAME>ZRS_3TT_DE_NUMMERKAT</ROLLNAME>
     <ROLLNAMEVI>ZRS_3TT_DE_NUMMERKAT</ROLLNAMEVI>
    </DD27P>
    <DD27P>
     <VIEWNAME>ZRS_D_3TT_MDARTK</VIEWNAME>
     <OBJPOS>0010</OBJPOS>
     <DDLANGUAGE>E</DDLANGUAGE>
     <VIEWFIELD>WERT</VIEWFIELD>
     <TABNAME>ZRS_3TT_MDARTIKL</TABNAME>
     <FIELDNAME>WERT</FIELDNAME>
     <ROLLNAME>ZRS_3TT_DE_WERT</ROLLNAME>
     <ROLLNAMEVI>ZRS_3TT_DE_WERT</ROLLNAMEVI>
     <REFTABLE>ZRS_3TT_MDARTIKL</REFTABLE>
     <REFFIELD>EINHEIT_WERT</REFFIELD>
    </DD27P>
    <DD27P>
     <VIEWNAME>ZRS_D_3TT_MDARTK</VIEWNAME>
     <OBJPOS>0011</OBJPOS>
     <DDLANGUAGE>E</DDLANGUAGE>
     <VIEWFIELD>EINHEIT_WERT</VIEWFIELD>
     <TABNAME>ZRS_3TT_MDARTIKL</TABNAME>
     <FIELDNAME>EINHEIT_WERT</FIELDNAME>
     <ROLLNAME>ZRS_3TT_DE_EINHTWERT</ROLLNAME>
     <ROLLNAMEVI>ZRS_3TT_DE_EINHTWERT</ROLLNAMEVI>
    </DD27P>
    <DD27P>
     <VIEWNAME>ZRS_D_3TT_MDARTK</VIEWNAME>
     <OBJPOS>0012</OBJPOS>
     <DDLANGUAGE>E</DDLANGUAGE>
     <VIEWFIELD>EINZELVERTRAG</VIEWFIELD>
     <TABNAME>ZRS_3TT_MDARTIKL</TABNAME>
     <FIELDNAME>EINZELVERTRAG</FIELDNAME>
     <ROLLNAME>ZRS_3TT_DE_EINZLVRTRG</ROLLNAME>
     <ROLLNAMEVI>ZRS_3TT_DE_EINZLVRTRG</ROLLNAMEVI>
     <SHLPORIGIN>F</SHLPORIGIN>
     <VALEXI>X</VALEXI>
    </DD27P>
    <DD27P>
     <VIEWNAME>ZRS_D_3TT_MDARTK</VIEWNAME>
     <OBJPOS>0013</OBJPOS>
     <DDLANGUAGE>E</DDLANGUAGE>
     <VIEWFIELD>NOTIZ</VIEWFIELD>
     <TABNAME>ZRS_3TT_MDARTIKL</TABNAME>
     <FIELDNAME>NOTIZ</FIELDNAME>
     <ROLLNAME>ZRS_3TT_DE_NOTIZ</ROLLNAME>
     <ROLLNAMEVI>ZRS_3TT_DE_NOTIZ</ROLLNAMEVI>
    </DD27P>
    <DD27P>
     <VIEWNAME>ZRS_D_3TT_MDARTK</VIEWNAME>
     <OBJPOS>0014</OBJPOS>
     <DDLANGUAGE>E</DDLANGUAGE>
     <VIEWFIELD>LINK</VIEWFIELD>
     <TABNAME>ZRS_3TT_MDARTIKL</TABNAME>
     <FIELDNAME>LINK</FIELDNAME>
     <ROLLNAME>ZRS_3TT_DE_LINK</ROLLNAME>
     <ROLLNAMEVI>ZRS_3TT_DE_LINK</ROLLNAMEVI>
    </DD27P>
   </DD27P_TABLE>
   <DD28J_TABLE>
    <DD28J>
     <VIEWNAME>ZRS_D_3TT_MDARTK</VIEWNAME>
     <LTAB>ZRS_3TT_MDARTIKL</LTAB>
     <LFIELD>MANDT</LFIELD>
     <OPERATOR>EQ</OPERATOR>
     <RTAB>ZRS_3TT_MDARTIKT</RTAB>
     <RFIELD>MANDT</RFIELD>
     <SOURCE>S</SOURCE>
    </DD28J>
    <DD28J>
     <VIEWNAME>ZRS_D_3TT_MDARTK</VIEWNAME>
     <LTAB>ZRS_3TT_MDARTIKL</LTAB>
     <LFIELD>ARTIKELNUMMER</LFIELD>
     <OPERATOR>EQ</OPERATOR>
     <RTAB>ZRS_3TT_MDARTIKT</RTAB>
     <RFIELD>ARTIKELNUMMER</RFIELD>
     <SOURCE>S</SOURCE>
    </DD28J>
   </DD28J_TABLE>
  </asx:values>
 </asx:abap>
</abapGit>
