﻿<?xml version="1.0" encoding="utf-8"?>
<abapGit version="v1.0.0" serializer="LCL_OBJECT_DTEL" serializer_version="v1.0.0">
 <asx:abap xmlns:asx="http://www.sap.com/abapxml" version="1.0">
  <asx:values>
   <DD04V>
    <ROLLNAME>ZRS_3TT_DE_ABRUFER</ROLLNAME>
    <DDLANGUAGE>E</DDLANGUAGE>
    <HEADLEN>08</HEADLEN>
    <SCRLEN1>10</SCRLEN1>
    <SCRLEN2>20</SCRLEN2>
    <SCRLEN3>40</SCRLEN3>
    <DDTEXT>Caller</DDTEXT>
    <REPTEXT>Caller</REPTEXT>
    <SCRTEXT_S>Caller</SCRTEXT_S>
    <SCRTEXT_M>Caller</SCRTEXT_M>
    <SCRTEXT_L>Caller</SCRTEXT_L>
    <DTELMASTER>D</DTELMASTER>
    <DATATYPE>CHAR</DATATYPE>
    <LENG>000008</LENG>
    <OUTPUTLEN>000008</OUTPUTLEN>
   </DD04V>
   <I18N_LANGS>
    <LANGU>D</LANGU>
   </I18N_LANGS>
   <DD04_TEXTS>
    <item>
     <DDLANGUAGE>D</DDLANGUAGE>
     <DDTEXT>Trichtertool: AbruferAbrufer</DDTEXT>
     <REPTEXT>Abrufer</REPTEXT>
     <SCRTEXT_S>Abrufer</SCRTEXT_S>
     <SCRTEXT_M>Abrufer</SCRTEXT_M>
     <SCRTEXT_L>Abrufer</SCRTEXT_L>
    </item>
   </DD04_TEXTS>
  </asx:values>
 </asx:abap>
</abapGit>
