﻿<?xml version="1.0" encoding="utf-8"?>
<abapGit version="v1.0.0" serializer="LCL_OBJECT_DTEL" serializer_version="v1.0.0">
 <asx:abap xmlns:asx="http://www.sap.com/abapxml" version="1.0">
  <asx:values>
   <DD04V>
    <ROLLNAME>ZRS_3TT_DE_KZNICHTBGN</ROLLNAME>
    <DDLANGUAGE>E</DDLANGUAGE>
    <HEADLEN>55</HEADLEN>
    <SCRLEN1>10</SCRLEN1>
    <SCRLEN2>20</SCRLEN2>
    <SCRLEN3>40</SCRLEN3>
    <DDTEXT>KZ not accepted</DDTEXT>
    <REPTEXT>KZ not accepted</REPTEXT>
    <SCRTEXT_S>NotAccept</SCRTEXT_S>
    <SCRTEXT_M>KZ not accepted</SCRTEXT_M>
    <SCRTEXT_L>KZ not accepted</SCRTEXT_L>
    <DTELMASTER>D</DTELMASTER>
    <DATATYPE>CHAR</DATATYPE>
    <LENG>000001</LENG>
    <OUTPUTLEN>000001</OUTPUTLEN>
   </DD04V>
   <I18N_LANGS>
    <LANGU>D</LANGU>
   </I18N_LANGS>
   <DD04_TEXTS>
    <item>
     <DDLANGUAGE>D</DDLANGUAGE>
     <DDTEXT>Trichtertool: KZ nichtabgenommen</DDTEXT>
     <REPTEXT>KZ nichtabgenommen</REPTEXT>
     <SCRTEXT_S>KZ nichtab</SCRTEXT_S>
     <SCRTEXT_M>KZ nichtabgenommen</SCRTEXT_M>
     <SCRTEXT_L>KZ nichtabgenommen</SCRTEXT_L>
    </item>
   </DD04_TEXTS>
  </asx:values>
 </asx:abap>
</abapGit>
