﻿<?xml version="1.0" encoding="utf-8"?>
<abapGit version="v1.0.0" serializer="LCL_OBJECT_DTEL" serializer_version="v1.0.0">
 <asx:abap xmlns:asx="http://www.sap.com/abapxml" version="1.0">
  <asx:values>
   <DD04V>
    <ROLLNAME>ZRS_3TT_DE_PRJKTBCHNG</ROLLNAME>
    <DDLANGUAGE>E</DDLANGUAGE>
    <DOMNAME>ZRS_3TT_DO_PRJKTBCHNG</DOMNAME>
    <HEADLEN>55</HEADLEN>
    <SCRLEN1>10</SCRLEN1>
    <SCRLEN2>20</SCRLEN2>
    <SCRLEN3>40</SCRLEN3>
    <DDTEXT>Project name</DDTEXT>
    <REPTEXT>Project name</REPTEXT>
    <SCRTEXT_S>Proj Name</SCRTEXT_S>
    <SCRTEXT_M>Project name</SCRTEXT_M>
    <SCRTEXT_L>Project name</SCRTEXT_L>
    <DTELMASTER>D</DTELMASTER>
    <REFKIND>D</REFKIND>
   </DD04V>
   <I18N_LANGS>
    <LANGU>D</LANGU>
   </I18N_LANGS>
   <DD04_TEXTS>
    <item>
     <DDLANGUAGE>D</DDLANGUAGE>
     <DDTEXT>Trichtertool: Projektbezeichnung</DDTEXT>
     <REPTEXT>Projektbezeichnung</REPTEXT>
     <SCRTEXT_S>Projektbez</SCRTEXT_S>
     <SCRTEXT_M>Projektbezeichnung</SCRTEXT_M>
     <SCRTEXT_L>Projektbezeichnung</SCRTEXT_L>
    </item>
   </DD04_TEXTS>
  </asx:values>
 </asx:abap>
</abapGit>
