﻿<?xml version="1.0" encoding="utf-8"?>
<abapGit version="v1.0.0" serializer="LCL_OBJECT_TABL" serializer_version="v1.0.0">
 <asx:abap xmlns:asx="http://www.sap.com/abapxml" version="1.0">
  <asx:values>
   <DD02V>
    <TABNAME>ZRS_3TT_VERRCHNG_S</TABNAME>
    <TABCLASS>INTTAB</TABCLASS>
    <EXCLASS>1</EXCLASS>
   </DD02V>
   <DD03P_TABLE>
    <DD03P>
     <TABNAME>ZRS_3TT_VERRCHNG_S</TABNAME>
     <FIELDNAME>MANDT</FIELDNAME>
     <POSITION>0001</POSITION>
     <ROLLNAME>ZRS_3TT_DE_MANDT</ROLLNAME>
     <ADMINFIELD>0</ADMINFIELD>
     <COMPTYPE>E</COMPTYPE>
    </DD03P>
    <DD03P>
     <TABNAME>ZRS_3TT_VERRCHNG_S</TABNAME>
     <FIELDNAME>ABRUFNUMMER</FIELDNAME>
     <POSITION>0002</POSITION>
     <ROLLNAME>ZRS_3TT_DE_ABRUFNUMMR</ROLLNAME>
     <ADMINFIELD>0</ADMINFIELD>
     <COMPTYPE>E</COMPTYPE>
    </DD03P>
    <DD03P>
     <TABNAME>ZRS_3TT_VERRCHNG_S</TABNAME>
     <FIELDNAME>ABRUFPOSITION</FIELDNAME>
     <POSITION>0003</POSITION>
     <ROLLNAME>ZRS_3TT_DE_ABRUFPOST</ROLLNAME>
     <ADMINFIELD>0</ADMINFIELD>
     <COMPTYPE>E</COMPTYPE>
    </DD03P>
    <DD03P>
     <TABNAME>ZRS_3TT_VERRCHNG_S</TABNAME>
     <FIELDNAME>LIEFERANTEIL</FIELDNAME>
     <POSITION>0004</POSITION>
     <ROLLNAME>ZRS_3TT_DE_LIEFERANTEIL</ROLLNAME>
     <ADMINFIELD>0</ADMINFIELD>
     <COMPTYPE>E</COMPTYPE>
    </DD03P>
    <DD03P>
     <TABNAME>ZRS_3TT_VERRCHNG_S</TABNAME>
     <FIELDNAME>LIEFERDATUM</FIELDNAME>
     <POSITION>0005</POSITION>
     <ROLLNAME>ZRS_3TT_DE_LIEFERDATUM</ROLLNAME>
     <ADMINFIELD>0</ADMINFIELD>
     <SHLPORIGIN>T</SHLPORIGIN>
     <COMPTYPE>E</COMPTYPE>
    </DD03P>
    <DD03P>
     <TABNAME>ZRS_3TT_VERRCHNG_S</TABNAME>
     <FIELDNAME>ABNAHMEDATUM</FIELDNAME>
     <POSITION>0006</POSITION>
     <ROLLNAME>ZRS_3TT_DE_ABNAHMDATM</ROLLNAME>
     <ADMINFIELD>0</ADMINFIELD>
     <SHLPORIGIN>T</SHLPORIGIN>
     <COMPTYPE>E</COMPTYPE>
    </DD03P>
    <DD03P>
     <TABNAME>ZRS_3TT_VERRCHNG_S</TABNAME>
     <FIELDNAME>KZ_NICHTABGENOMMEN</FIELDNAME>
     <POSITION>0007</POSITION>
     <ROLLNAME>ZRS_3TT_DE_KZNICHTBGN</ROLLNAME>
     <ADMINFIELD>0</ADMINFIELD>
     <COMPTYPE>E</COMPTYPE>
    </DD03P>
    <DD03P>
     <TABNAME>ZRS_3TT_VERRCHNG_S</TABNAME>
     <FIELDNAME>KZ_VERRECHNET</FIELDNAME>
     <POSITION>0008</POSITION>
     <ROLLNAME>ZRS_3TT_DE_KZVERRECHN</ROLLNAME>
     <ADMINFIELD>0</ADMINFIELD>
     <COMPTYPE>E</COMPTYPE>
    </DD03P>
    <DD03P>
     <TABNAME>ZRS_3TT_VERRCHNG_S</TABNAME>
     <FIELDNAME>VERRECHNUNGSDATUM</FIELDNAME>
     <POSITION>0009</POSITION>
     <ROLLNAME>ZRS_3TT_DE_VRCHNGSDAT</ROLLNAME>
     <ADMINFIELD>0</ADMINFIELD>
     <SHLPORIGIN>T</SHLPORIGIN>
     <COMPTYPE>E</COMPTYPE>
    </DD03P>
    <DD03P>
     <TABNAME>ZRS_3TT_VERRCHNG_S</TABNAME>
     <FIELDNAME>WERT_POSITION</FIELDNAME>
     <POSITION>0010</POSITION>
     <ROLLNAME>ZRS_3TT_DE_WERTPOST</ROLLNAME>
     <ADMINFIELD>0</ADMINFIELD>
     <REFTABLE>ZRS_3TT_VERRCHNG</REFTABLE>
     <REFFIELD>EINHEIT_WERT</REFFIELD>
     <COMPTYPE>E</COMPTYPE>
    </DD03P>
    <DD03P>
     <TABNAME>ZRS_3TT_VERRCHNG_S</TABNAME>
     <FIELDNAME>KOSTEN_POSITION</FIELDNAME>
     <POSITION>0011</POSITION>
     <ROLLNAME>ZRS_3TT_DE_KOSTENPOST</ROLLNAME>
     <ADMINFIELD>0</ADMINFIELD>
     <REFTABLE>ZRS_3TT_VERRCHNG</REFTABLE>
     <REFFIELD>WAEHRUNG</REFFIELD>
     <COMPTYPE>E</COMPTYPE>
    </DD03P>
    <DD03P>
     <TABNAME>ZRS_3TT_VERRCHNG_S</TABNAME>
     <FIELDNAME>EINHEIT_WERT</FIELDNAME>
     <POSITION>0012</POSITION>
     <ROLLNAME>ZRS_3TT_DE_EINHTWERT</ROLLNAME>
     <ADMINFIELD>0</ADMINFIELD>
     <COMPTYPE>E</COMPTYPE>
    </DD03P>
    <DD03P>
     <TABNAME>ZRS_3TT_VERRCHNG_S</TABNAME>
     <FIELDNAME>WAEHRUNG</FIELDNAME>
     <POSITION>0013</POSITION>
     <ROLLNAME>ZRS_3TT_DE_WAHRUNG</ROLLNAME>
     <ADMINFIELD>0</ADMINFIELD>
     <COMPTYPE>E</COMPTYPE>
    </DD03P>
    <DD03P>
     <TABNAME>ZRS_3TT_VERRCHNG_S</TABNAME>
     <FIELDNAME>KOSTEN_ANTEIL</FIELDNAME>
     <POSITION>0014</POSITION>
     <ROLLNAME>ZRS_3TT_DE_KOSTENPOST</ROLLNAME>
     <ADMINFIELD>0</ADMINFIELD>
     <REFTABLE>ZRS_3TT_VERRCHNG</REFTABLE>
     <REFFIELD>WAEHRUNG</REFFIELD>
     <COMPTYPE>E</COMPTYPE>
    </DD03P>
    <DD03P>
     <TABNAME>ZRS_3TT_VERRCHNG_S</TABNAME>
     <FIELDNAME>WERT_POS_ANTEIL</FIELDNAME>
     <POSITION>0015</POSITION>
     <ROLLNAME>ZRS_3TT_DE_WERTPOST</ROLLNAME>
     <ADMINFIELD>0</ADMINFIELD>
     <REFTABLE>ZRS_3TT_VERRCHNG</REFTABLE>
     <REFFIELD>EINHEIT_WERT</REFFIELD>
     <COMPTYPE>E</COMPTYPE>
    </DD03P>
   </DD03P_TABLE>
   <I18N_LANGS>
    <LANGU>D</LANGU>
   </I18N_LANGS>
   <DD02_TEXTS>
    <item>
     <DDLANGUAGE>D</DDLANGUAGE>
     <DDTEXT>VERRCHNG Structure</DDTEXT>
    </item>
   </DD02_TEXTS>
  </asx:values>
 </asx:abap>
</abapGit>
