﻿<?xml version="1.0" encoding="utf-8"?>
<abapGit version="v1.0.0" serializer="LCL_OBJECT_DTEL" serializer_version="v1.0.0">
 <asx:abap xmlns:asx="http://www.sap.com/abapxml" version="1.0">
  <asx:values>
   <DD04V>
    <ROLLNAME>ZRS_3TT_XCOTYPE</ROLLNAME>
    <DOMNAME>ZRS_3TT_XCOTYPE</DOMNAME>
    <HEADLEN>20</HEADLEN>
    <SCRLEN1>09</SCRLEN1>
    <SCRLEN2>20</SCRLEN2>
    <SCRLEN3>20</SCRLEN3>
    <DTELMASTER>D</DTELMASTER>
    <REFKIND>D</REFKIND>
   </DD04V>
   <I18N_LANGS>
    <LANGU>D</LANGU>
   </I18N_LANGS>
   <DD04_TEXTS>
    <item>
     <DDLANGUAGE>D</DDLANGUAGE>
     <DDTEXT>Trichtertool: CO-Objekttyp</DDTEXT>
     <REPTEXT>CO-Objekttyp</REPTEXT>
     <SCRTEXT_S>CO-Obtyp.</SCRTEXT_S>
     <SCRTEXT_M>CO-Objekttyp</SCRTEXT_M>
     <SCRTEXT_L>CO-Objekttyp</SCRTEXT_L>
    </item>
   </DD04_TEXTS>
  </asx:values>
 </asx:abap>
</abapGit>
