﻿<?xml version="1.0" encoding="utf-8"?>
<abapGit version="v1.0.0" serializer="LCL_OBJECT_DOMA" serializer_version="v1.0.0">
 <asx:abap xmlns:asx="http://www.sap.com/abapxml" version="1.0">
  <asx:values>
   <DD01V>
    <DOMNAME>ZRS_3TT_DO_EINZLVRTRG</DOMNAME>
    <DATATYPE>CHAR</DATATYPE>
    <LENG>000004</LENG>
    <OUTPUTLEN>000004</OUTPUTLEN>
    <LOWERCASE>X</LOWERCASE>
    <VALEXI>X</VALEXI>
   </DD01V>
   <DD07V_TAB>
    <DD07V>
     <DOMNAME>ZRS_3TT_DO_EINZLVRTRG</DOMNAME>
     <VALPOS>0001</VALPOS>
     <DOMVALUE_L>LP2</DOMVALUE_L>
    </DD07V>
    <DD07V>
     <DOMNAME>ZRS_3TT_DO_EINZLVRTRG</DOMNAME>
     <VALPOS>0002</VALPOS>
     <DOMVALUE_L>LP3</DOMVALUE_L>
    </DD07V>
    <DD07V>
     <DOMNAME>ZRS_3TT_DO_EINZLVRTRG</DOMNAME>
     <VALPOS>0003</VALPOS>
     <DOMVALUE_L>LP5</DOMVALUE_L>
    </DD07V>
   </DD07V_TAB>
   <I18N_LANGS>
    <LANGU>D</LANGU>
   </I18N_LANGS>
   <DD01_TEXTS>
    <item>
     <DDLANGUAGE>D</DDLANGUAGE>
     <DDTEXT>Trichtertool: Einzelvertrag, Domäne</DDTEXT>
    </item>
   </DD01_TEXTS>
  </asx:values>
 </asx:abap>
</abapGit>
