﻿<?xml version="1.0" encoding="utf-8"?>
<abapGit version="v1.0.0" serializer="LCL_OBJECT_VIEW" serializer_version="v1.0.0">
 <asx:abap xmlns:asx="http://www.sap.com/abapxml" version="1.0">
  <asx:values>
   <DD25V>
    <VIEWNAME>ZRS_P_3TT_KATPRS</VIEWNAME>
    <AS4LOCAL>A</AS4LOCAL>
    <AGGTYPE>V</AGGTYPE>
    <ROOTTAB>ZRS_3TT_KATPREIS</ROOTTAB>
    <VIEWCLASS>C</VIEWCLASS>
    <CUSTOMAUTH>C</CUSTOMAUTH>
    <GLOBALFLAG>X</GLOBALFLAG>
   </DD25V>
   <DD26V_TABLE>
    <DD26V>
     <VIEWNAME>ZRS_P_3TT_KATPRS</VIEWNAME>
     <TABNAME>ZRS_3TT_KATPREIS</TABNAME>
     <TABPOS>0001</TABPOS>
     <FORTABNAME>ZRS_3TT_KATPREIS</FORTABNAME>
    </DD26V>
   </DD26V_TABLE>
   <DD27P_TABLE>
    <DD27P>
     <VIEWNAME>ZRS_P_3TT_KATPRS</VIEWNAME>
     <OBJPOS>0001</OBJPOS>
     <DDLANGUAGE>E</DDLANGUAGE>
     <VIEWFIELD>MANDT</VIEWFIELD>
     <TABNAME>ZRS_3TT_KATPREIS</TABNAME>
     <FIELDNAME>MANDT</FIELDNAME>
     <KEYFLAG>X</KEYFLAG>
     <ROLLNAME>ZRS_3TT_DE_MANDT</ROLLNAME>
     <ROLLNAMEVI>ZRS_3TT_DE_MANDT</ROLLNAMEVI>
    </DD27P>
    <DD27P>
     <VIEWNAME>ZRS_P_3TT_KATPRS</VIEWNAME>
     <OBJPOS>0002</OBJPOS>
     <DDLANGUAGE>E</DDLANGUAGE>
     <VIEWFIELD>EINHEIT</VIEWFIELD>
     <TABNAME>ZRS_3TT_KATPREIS</TABNAME>
     <FIELDNAME>EINHEIT</FIELDNAME>
     <KEYFLAG>X</KEYFLAG>
     <ROLLNAME>ZRS_3TT_DE_EINHEIT</ROLLNAME>
     <ROLLNAMEVI>ZRS_3TT_DE_EINHEIT</ROLLNAMEVI>
    </DD27P>
    <DD27P>
     <VIEWNAME>ZRS_P_3TT_KATPRS</VIEWNAME>
     <OBJPOS>0003</OBJPOS>
     <DDLANGUAGE>E</DDLANGUAGE>
     <VIEWFIELD>GUELTIG_VON</VIEWFIELD>
     <TABNAME>ZRS_3TT_KATPREIS</TABNAME>
     <FIELDNAME>GUELTIG_VON</FIELDNAME>
     <KEYFLAG>X</KEYFLAG>
     <ROLLNAME>ZRS_3TT_DE_GULTIG_VN</ROLLNAME>
     <ROLLNAMEVI>ZRS_3TT_DE_GULTIG_VN</ROLLNAMEVI>
     <SHLPORIGIN>T</SHLPORIGIN>
    </DD27P>
    <DD27P>
     <VIEWNAME>ZRS_P_3TT_KATPRS</VIEWNAME>
     <OBJPOS>0004</OBJPOS>
     <DDLANGUAGE>E</DDLANGUAGE>
     <VIEWFIELD>GUELTIG_BIS</VIEWFIELD>
     <TABNAME>ZRS_3TT_KATPREIS</TABNAME>
     <FIELDNAME>GUELTIG_BIS</FIELDNAME>
     <ROLLNAME>ZRS_3TT_DE_GULTIG_BIS</ROLLNAME>
     <ROLLNAMEVI>ZRS_3TT_DE_GULTIG_BIS</ROLLNAMEVI>
     <SHLPORIGIN>T</SHLPORIGIN>
    </DD27P>
    <DD27P>
     <VIEWNAME>ZRS_P_3TT_KATPRS</VIEWNAME>
     <OBJPOS>0005</OBJPOS>
     <DDLANGUAGE>E</DDLANGUAGE>
     <VIEWFIELD>PREIS</VIEWFIELD>
     <TABNAME>ZRS_3TT_KATPREIS</TABNAME>
     <FIELDNAME>PREIS</FIELDNAME>
     <ROLLNAME>ZRS_3TT_DE_PREIS</ROLLNAME>
     <ROLLNAMEVI>ZRS_3TT_DE_PREIS</ROLLNAMEVI>
     <REFTABLE>ZRS_3TT_KATPREIS</REFTABLE>
     <REFFIELD>WAEHRUNG</REFFIELD>
    </DD27P>
    <DD27P>
     <VIEWNAME>ZRS_P_3TT_KATPRS</VIEWNAME>
     <OBJPOS>0006</OBJPOS>
     <DDLANGUAGE>E</DDLANGUAGE>
     <VIEWFIELD>VERTRAGSJAHR</VIEWFIELD>
     <TABNAME>ZRS_3TT_KATPREIS</TABNAME>
     <FIELDNAME>VERTRAGSJAHR</FIELDNAME>
     <ROLLNAME>ZRS_3TT_DE_VRTRGSJAHR</ROLLNAME>
     <ROLLNAMEVI>ZRS_3TT_DE_VRTRGSJAHR</ROLLNAMEVI>
    </DD27P>
    <DD27P>
     <VIEWNAME>ZRS_P_3TT_KATPRS</VIEWNAME>
     <OBJPOS>0007</OBJPOS>
     <DDLANGUAGE>E</DDLANGUAGE>
     <VIEWFIELD>WAEHRUNG</VIEWFIELD>
     <TABNAME>ZRS_3TT_KATPREIS</TABNAME>
     <FIELDNAME>WAEHRUNG</FIELDNAME>
     <ROLLNAME>ZRS_3TT_DE_WAHRUNG</ROLLNAME>
     <ROLLNAMEVI>ZRS_3TT_DE_WAHRUNG</ROLLNAMEVI>
    </DD27P>
   </DD27P_TABLE>
  </asx:values>
 </asx:abap>
</abapGit>
