﻿<?xml version="1.0" encoding="utf-8"?>
<abapGit version="v1.0.0" serializer="LCL_OBJECT_DTEL" serializer_version="v1.0.0">
 <asx:abap xmlns:asx="http://www.sap.com/abapxml" version="1.0">
  <asx:values>
   <DD04V>
    <ROLLNAME>ZRS_3TT_DE_NUMMERKOMP</ROLLNAME>
    <DDLANGUAGE>E</DDLANGUAGE>
    <HEADLEN>55</HEADLEN>
    <SCRLEN1>10</SCRLEN1>
    <SCRLEN2>20</SCRLEN2>
    <SCRLEN3>40</SCRLEN3>
    <DDTEXT>Complexity Number</DDTEXT>
    <REPTEXT>Komplexitat Nummer</REPTEXT>
    <SCRTEXT_S>Komp Numm</SCRTEXT_S>
    <SCRTEXT_M>Komplexitat Nummer</SCRTEXT_M>
    <SCRTEXT_L>Komplexitat Nummer</SCRTEXT_L>
    <DTELMASTER>D</DTELMASTER>
    <DATATYPE>CHAR</DATATYPE>
    <LENG>000005</LENG>
    <OUTPUTLEN>000005</OUTPUTLEN>
   </DD04V>
   <I18N_LANGS>
    <LANGU>D</LANGU>
   </I18N_LANGS>
   <DD04_TEXTS>
    <item>
     <DDLANGUAGE>D</DDLANGUAGE>
     <DDTEXT>Trichtertool: Nummer Komplexität</DDTEXT>
     <REPTEXT>Nummer Komplexität</REPTEXT>
     <SCRTEXT_S>Nummer Kom</SCRTEXT_S>
     <SCRTEXT_M>Nummer Komplexität</SCRTEXT_M>
     <SCRTEXT_L>Nummer Komplexität</SCRTEXT_L>
    </item>
   </DD04_TEXTS>
  </asx:values>
 </asx:abap>
</abapGit>
