﻿<?xml version="1.0" encoding="utf-8"?>
<abapGit version="v1.0.0" serializer="LCL_OBJECT_IWMO" serializer_version="v1.0.0">
 <asx:abap xmlns:asx="http://www.sap.com/abapxml" version="1.0">
  <asx:values>
   <_-IWBEP_-I_MGW_OHD>
    <_-IWBEP_-I_MGW_OHD>
     <TECHNICAL_NAME>ZRS_3TRICHTERTOOL_MDL</TECHNICAL_NAME>
     <VERSION>0001</VERSION>
     <CLASS_NAME>ZCL_RS_3TRICHTERTOOL_MPC_EXT</CLASS_NAME>
     <CREATED_BY>E525448</CREATED_BY>
     <CHANGED_BY>E525448</CHANGED_BY>
     <CHANGED_TIMESTMP>20201019123835</CHANGED_TIMESTMP>
    </_-IWBEP_-I_MGW_OHD>
   </_-IWBEP_-I_MGW_OHD>
  </asx:values>
 </asx:abap>
</abapGit>
