﻿<?xml version="1.0" encoding="utf-8"?>
<abapGit version="v1.0.0" serializer="LCL_OBJECT_DTEL" serializer_version="v1.0.0">
 <asx:abap xmlns:asx="http://www.sap.com/abapxml" version="1.0">
  <asx:values>
   <DD04V>
    <ROLLNAME>ZRS_3TT_DE_ARTIKELNUM</ROLLNAME>
    <DDLANGUAGE>E</DDLANGUAGE>
    <HEADLEN>14</HEADLEN>
    <SCRLEN1>10</SCRLEN1>
    <SCRLEN2>20</SCRLEN2>
    <SCRLEN3>14</SCRLEN3>
    <DDTEXT>Artikel Nummer</DDTEXT>
    <REPTEXT>Artikel Nummer</REPTEXT>
    <SCRTEXT_S>Art Nummer</SCRTEXT_S>
    <SCRTEXT_M>Artikel Nummer</SCRTEXT_M>
    <SCRTEXT_L>Artikel Nummer</SCRTEXT_L>
    <DTELMASTER>D</DTELMASTER>
    <DATATYPE>CHAR</DATATYPE>
    <LENG>000010</LENG>
    <OUTPUTLEN>000010</OUTPUTLEN>
   </DD04V>
   <I18N_LANGS>
    <LANGU>D</LANGU>
   </I18N_LANGS>
   <DD04_TEXTS>
    <item>
     <DDLANGUAGE>D</DDLANGUAGE>
     <DDTEXT>Trichtertool: Artikelnummer</DDTEXT>
     <REPTEXT>Artikelnummer</REPTEXT>
     <SCRTEXT_S>Artikelnum</SCRTEXT_S>
     <SCRTEXT_M>Artikelnummer</SCRTEXT_M>
     <SCRTEXT_L>Artikelnummer</SCRTEXT_L>
    </item>
   </DD04_TEXTS>
  </asx:values>
 </asx:abap>
</abapGit>
