﻿<?xml version="1.0" encoding="utf-8"?>
<abapGit version="v1.0.0" serializer="LCL_OBJECT_DTEL" serializer_version="v1.0.0">
 <asx:abap xmlns:asx="http://www.sap.com/abapxml" version="1.0">
  <asx:values>
   <DD04V>
    <ROLLNAME>ZRS_3TT_DE_EINZLVRTRG</ROLLNAME>
    <DDLANGUAGE>E</DDLANGUAGE>
    <DOMNAME>ZRS_3TT_DO_EINZLVRTRG</DOMNAME>
    <HEADLEN>55</HEADLEN>
    <SCRLEN1>10</SCRLEN1>
    <SCRLEN2>20</SCRLEN2>
    <SCRLEN3>40</SCRLEN3>
    <DDTEXT>Contract</DDTEXT>
    <REPTEXT>Contract</REPTEXT>
    <SCRTEXT_S>Contract</SCRTEXT_S>
    <SCRTEXT_M>Contract</SCRTEXT_M>
    <SCRTEXT_L>Contract</SCRTEXT_L>
    <DTELMASTER>D</DTELMASTER>
    <REFKIND>D</REFKIND>
   </DD04V>
   <I18N_LANGS>
    <LANGU>D</LANGU>
   </I18N_LANGS>
   <DD04_TEXTS>
    <item>
     <DDLANGUAGE>D</DDLANGUAGE>
     <DDTEXT>Trichtertool: Einzelvertrag</DDTEXT>
     <REPTEXT>Einzelvertrag</REPTEXT>
     <SCRTEXT_S>Einzelvert</SCRTEXT_S>
     <SCRTEXT_M>Einzelvertrag</SCRTEXT_M>
     <SCRTEXT_L>Einzelvertrag</SCRTEXT_L>
    </item>
   </DD04_TEXTS>
  </asx:values>
 </asx:abap>
</abapGit>
