﻿<?xml version="1.0" encoding="utf-8"?>
<abapGit version="v1.0.0" serializer="LCL_OBJECT_TABL" serializer_version="v1.0.0">
 <asx:abap xmlns:asx="http://www.sap.com/abapxml" version="1.0">
  <asx:values>
   <DD02V>
    <TABNAME>ZRS_3TT_PRJABRST_S</TABNAME>
    <TABCLASS>INTTAB</TABCLASS>
   </DD02V>
   <DD03P_TABLE>
    <DD03P>
     <TABNAME>ZRS_3TT_PRJABRST_S</TABNAME>
     <FIELDNAME>MANDT</FIELDNAME>
     <POSITION>0001</POSITION>
     <ROLLNAME>ZRS_3TT_DE_MANDT</ROLLNAME>
     <ADMINFIELD>0</ADMINFIELD>
     <COMPTYPE>E</COMPTYPE>
    </DD03P>
    <DD03P>
     <TABNAME>ZRS_3TT_PRJABRST_S</TABNAME>
     <FIELDNAME>SPRACHE</FIELDNAME>
     <POSITION>0002</POSITION>
     <ROLLNAME>SPRAS</ROLLNAME>
     <ADMINFIELD>0</ADMINFIELD>
     <SHLPORIGIN>D</SHLPORIGIN>
     <COMPTYPE>E</COMPTYPE>
     <LANGUFLAG>X</LANGUFLAG>
    </DD03P>
    <DD03P>
     <TABNAME>ZRS_3TT_PRJABRST_S</TABNAME>
     <FIELDNAME>PROZESSART</FIELDNAME>
     <POSITION>0003</POSITION>
     <ROLLNAME>ZRS_3TT_DE_PROZESSART</ROLLNAME>
     <ADMINFIELD>0</ADMINFIELD>
     <VALEXI>X</VALEXI>
     <SHLPORIGIN>F</SHLPORIGIN>
     <COMPTYPE>E</COMPTYPE>
    </DD03P>
    <DD03P>
     <TABNAME>ZRS_3TT_PRJABRST_S</TABNAME>
     <FIELDNAME>ESTAT</FIELDNAME>
     <POSITION>0004</POSITION>
     <ROLLNAME>J_ESTAT</ROLLNAME>
     <ADMINFIELD>0</ADMINFIELD>
     <COMPTYPE>E</COMPTYPE>
    </DD03P>
    <DD03P>
     <TABNAME>ZRS_3TT_PRJABRST_S</TABNAME>
     <FIELDNAME>INIST</FIELDNAME>
     <POSITION>0005</POSITION>
     <ROLLNAME>J_INIST</ROLLNAME>
     <ADMINFIELD>0</ADMINFIELD>
     <VALEXI>X</VALEXI>
     <SHLPORIGIN>F</SHLPORIGIN>
     <COMPTYPE>E</COMPTYPE>
    </DD03P>
    <DD03P>
     <TABNAME>ZRS_3TT_PRJABRST_S</TABNAME>
     <FIELDNAME>STATUS</FIELDNAME>
     <POSITION>0006</POSITION>
     <ROLLNAME>ZRS_3TT_DE_STATUS</ROLLNAME>
     <ADMINFIELD>0</ADMINFIELD>
     <COMPTYPE>E</COMPTYPE>
    </DD03P>
    <DD03P>
     <TABNAME>ZRS_3TT_PRJABRST_S</TABNAME>
     <FIELDNAME>STATUSBESCHREIBUNG</FIELDNAME>
     <POSITION>0007</POSITION>
     <ROLLNAME>ZRS_3TT_DE_STTBESCHRBNG</ROLLNAME>
     <ADMINFIELD>0</ADMINFIELD>
     <COMPTYPE>E</COMPTYPE>
    </DD03P>
    <DD03P>
     <TABNAME>ZRS_3TT_PRJABRST_S</TABNAME>
     <FIELDNAME>NSONR</FIELDNAME>
     <POSITION>0008</POSITION>
     <ROLLNAME>ZRS_3TT_DE_STATUS_LOW</ROLLNAME>
     <ADMINFIELD>0</ADMINFIELD>
     <COMPTYPE>E</COMPTYPE>
    </DD03P>
    <DD03P>
     <TABNAME>ZRS_3TT_PRJABRST_S</TABNAME>
     <FIELDNAME>HSONR</FIELDNAME>
     <POSITION>0009</POSITION>
     <ROLLNAME>ZRS_3TT_DE_STATUS_HIGH</ROLLNAME>
     <ADMINFIELD>0</ADMINFIELD>
     <COMPTYPE>E</COMPTYPE>
    </DD03P>
    <DD03P>
     <TABNAME>ZRS_3TT_PRJABRST_S</TABNAME>
     <FIELDNAME>METHODNAME</FIELDNAME>
     <POSITION>0010</POSITION>
     <ROLLNAME>SEOCPDNAME</ROLLNAME>
     <ADMINFIELD>0</ADMINFIELD>
     <COMPTYPE>E</COMPTYPE>
    </DD03P>
   </DD03P_TABLE>
   <I18N_LANGS>
    <LANGU>D</LANGU>
   </I18N_LANGS>
   <DD02_TEXTS>
    <item>
     <DDLANGUAGE>D</DDLANGUAGE>
     <DDTEXT>Project and Abruf Status Table</DDTEXT>
    </item>
   </DD02_TEXTS>
  </asx:values>
 </asx:abap>
</abapGit>
