﻿<?xml version="1.0" encoding="utf-8"?>
<abapGit version="v1.0.0" serializer="LCL_OBJECT_DTEL" serializer_version="v1.0.0">
 <asx:abap xmlns:asx="http://www.sap.com/abapxml" version="1.0">
  <asx:values>
   <DD04V>
    <ROLLNAME>ZRS_3TT_DE_PROJEKTLEITER_T</ROLLNAME>
    <DDLANGUAGE>E</DDLANGUAGE>
    <HEADLEN>55</HEADLEN>
    <SCRLEN1>10</SCRLEN1>
    <SCRLEN2>20</SCRLEN2>
    <SCRLEN3>40</SCRLEN3>
    <DDTEXT>Project Manager</DDTEXT>
    <REPTEXT>Project Manager</REPTEXT>
    <SCRTEXT_S>ProjManage</SCRTEXT_S>
    <SCRTEXT_M>Project Manager</SCRTEXT_M>
    <SCRTEXT_L>Project Manager</SCRTEXT_L>
    <DTELMASTER>D</DTELMASTER>
    <DATATYPE>CHAR</DATATYPE>
    <LENG>000080</LENG>
    <OUTPUTLEN>000080</OUTPUTLEN>
   </DD04V>
   <I18N_LANGS>
    <LANGU>D</LANGU>
   </I18N_LANGS>
   <DD04_TEXTS>
    <item>
     <DDLANGUAGE>D</DDLANGUAGE>
     <DDTEXT>Trichtertool: Projektleiter Text</DDTEXT>
     <REPTEXT>Projektleiter</REPTEXT>
     <SCRTEXT_S>Projektlei</SCRTEXT_S>
     <SCRTEXT_M>Projektleiter</SCRTEXT_M>
     <SCRTEXT_L>Projektleiter</SCRTEXT_L>
    </item>
   </DD04_TEXTS>
  </asx:values>
 </asx:abap>
</abapGit>
