﻿<?xml version="1.0" encoding="utf-8"?>
<abapGit version="v1.0.0" serializer="LCL_OBJECT_CHDO" serializer_version="v1.0.0">
 <asx:abap xmlns:asx="http://www.sap.com/abapxml" version="1.0">
  <asx:values>
   <CHDO>
    <REPORTS_GENERATED>
     <TCDRPS>
      <OBJECT>ZRS_3TTOOL</OBJECT>
      <REPORTNAME>ZRS_3TTOOL</REPORTNAME>
      <ARBGEB>ZRS_3</ARBGEB>
      <FEHLERNR>600</FEHLERNR>
      <FGRP>ZRS_3_TT_CHANGEDOC</FGRP>
      <PREFIX>ZRS_3_</PREFIX>
      <UPDATE_FLG>2</UPDATE_FLG>
      <DATAGEN>X</DATAGEN>
     </TCDRPS>
    </REPORTS_GENERATED>
    <OBJECTS>
     <TCDOBS>
      <OBJECT>ZRS_3TTOOL</OBJECT>
      <TABNAME>ZRS_3TT_ABRUFKOP</TABNAME>
      <DOCUD_NOIF>X</DOCUD_NOIF>
     </TCDOBS>
     <TCDOBS>
      <OBJECT>ZRS_3TTOOL</OBJECT>
      <TABNAME>ZRS_3TT_ABRUFPOS</TABNAME>
      <DOCUD_NOIF>X</DOCUD_NOIF>
     </TCDOBS>
     <TCDOBS>
      <OBJECT>ZRS_3TTOOL</OBJECT>
      <TABNAME>ZRS_3TT_KATPREIS</TABNAME>
      <DOCUD_NOIF>X</DOCUD_NOIF>
     </TCDOBS>
     <TCDOBS>
      <OBJECT>ZRS_3TTOOL</OBJECT>
      <TABNAME>ZRS_3TT_MDARTIKL</TABNAME>
      <DOCUD_NOIF>X</DOCUD_NOIF>
     </TCDOBS>
     <TCDOBS>
      <OBJECT>ZRS_3TTOOL</OBJECT>
      <TABNAME>ZRS_3TT_PROJFCST</TABNAME>
      <DOCUD_NOIF>X</DOCUD_NOIF>
     </TCDOBS>
     <TCDOBS>
      <OBJECT>ZRS_3TTOOL</OBJECT>
      <TABNAME>ZRS_3TT_VORHABEN</TABNAME>
      <DOCUD_NOIF>X</DOCUD_NOIF>
     </TCDOBS>
    </OBJECTS>
    <OBJECTS_TEXT>
     <TCDOBTS>
      <SPRAS>D</SPRAS>
      <OBJECT>ZRS_3TTOOL</OBJECT>
      <OBTEXT>Änderungsbelege Trichtertool</OBTEXT>
     </TCDOBTS>
    </OBJECTS_TEXT>
   </CHDO>
  </asx:values>
 </asx:abap>
</abapGit>
