﻿<?xml version="1.0" encoding="utf-8"?>
<abapGit version="v1.0.0" serializer="LCL_OBJECT_TABL" serializer_version="v1.0.0">
 <asx:abap xmlns:asx="http://www.sap.com/abapxml" version="1.0">
  <asx:values>
   <DD02V>
    <TABNAME>ZRS_3TT_ABRUFPOS</TABNAME>
    <TABCLASS>TRANSP</TABCLASS>
    <CLIDEP>X</CLIDEP>
    <MAINFLAG>X</MAINFLAG>
    <CONTFLAG>A</CONTFLAG>
    <EXCLASS>1</EXCLASS>
   </DD02V>
   <DD09L>
    <TABNAME>ZRS_3TT_ABRUFPOS</TABNAME>
    <AS4LOCAL>A</AS4LOCAL>
    <TABKAT>8</TABKAT>
    <TABART>APPL1</TABART>
    <BUFALLOW>N</BUFALLOW>
   </DD09L>
   <DD03P_TABLE>
    <DD03P>
     <TABNAME>ZRS_3TT_ABRUFPOS</TABNAME>
     <FIELDNAME>MANDT</FIELDNAME>
     <POSITION>0001</POSITION>
     <KEYFLAG>X</KEYFLAG>
     <ROLLNAME>ZRS_3TT_DE_MANDT</ROLLNAME>
     <ADMINFIELD>0</ADMINFIELD>
     <NOTNULL>X</NOTNULL>
     <COMPTYPE>E</COMPTYPE>
    </DD03P>
    <DD03P>
     <TABNAME>ZRS_3TT_ABRUFPOS</TABNAME>
     <FIELDNAME>ABRUFNUMMER</FIELDNAME>
     <POSITION>0002</POSITION>
     <KEYFLAG>X</KEYFLAG>
     <ROLLNAME>ZRS_3TT_DE_ABRUFNUMMR</ROLLNAME>
     <ADMINFIELD>0</ADMINFIELD>
     <NOTNULL>X</NOTNULL>
     <COMPTYPE>E</COMPTYPE>
    </DD03P>
    <DD03P>
     <TABNAME>ZRS_3TT_ABRUFPOS</TABNAME>
     <FIELDNAME>ABRUFPOSITION</FIELDNAME>
     <POSITION>0003</POSITION>
     <KEYFLAG>X</KEYFLAG>
     <ROLLNAME>ZRS_3TT_DE_ABRUFPOST</ROLLNAME>
     <ADMINFIELD>0</ADMINFIELD>
     <NOTNULL>X</NOTNULL>
     <COMPTYPE>E</COMPTYPE>
    </DD03P>
    <DD03P>
     <TABNAME>ZRS_3TT_ABRUFPOS</TABNAME>
     <FIELDNAME>ARTIKELNUMMER</FIELDNAME>
     <POSITION>0004</POSITION>
     <ROLLNAME>ZRS_3TT_DE_ARTIKELNUM</ROLLNAME>
     <ADMINFIELD>0</ADMINFIELD>
     <COMPTYPE>E</COMPTYPE>
    </DD03P>
    <DD03P>
     <TABNAME>ZRS_3TT_ABRUFPOS</TABNAME>
     <FIELDNAME>GUELTIG_AB</FIELDNAME>
     <POSITION>0005</POSITION>
     <ROLLNAME>ZRS_3TT_DE_GULTIG_AB</ROLLNAME>
     <ADMINFIELD>0</ADMINFIELD>
     <SHLPORIGIN>T</SHLPORIGIN>
     <COMPTYPE>E</COMPTYPE>
    </DD03P>
    <DD03P>
     <TABNAME>ZRS_3TT_ABRUFPOS</TABNAME>
     <FIELDNAME>REFERENZ</FIELDNAME>
     <POSITION>0006</POSITION>
     <ROLLNAME>ZRS_3TT_DE_REFERENZ</ROLLNAME>
     <ADMINFIELD>0</ADMINFIELD>
     <COMPTYPE>E</COMPTYPE>
    </DD03P>
    <DD03P>
     <TABNAME>ZRS_3TT_ABRUFPOS</TABNAME>
     <FIELDNAME>WERT_OBJEKT</FIELDNAME>
     <POSITION>0007</POSITION>
     <ROLLNAME>ZRS_3TT_DE_WERTOBJEKT</ROLLNAME>
     <ADMINFIELD>0</ADMINFIELD>
     <REFTABLE>ZRS_3TT_ABRUFPOS</REFTABLE>
     <REFFIELD>EINHEIT_WERT</REFFIELD>
     <COMPTYPE>E</COMPTYPE>
    </DD03P>
    <DD03P>
     <TABNAME>ZRS_3TT_ABRUFPOS</TABNAME>
     <FIELDNAME>EINHEIT_WERT</FIELDNAME>
     <POSITION>0008</POSITION>
     <ROLLNAME>ZRS_3TT_DE_EINHTWERT</ROLLNAME>
     <ADMINFIELD>0</ADMINFIELD>
     <COMPTYPE>E</COMPTYPE>
    </DD03P>
    <DD03P>
     <TABNAME>ZRS_3TT_ABRUFPOS</TABNAME>
     <FIELDNAME>MENGE</FIELDNAME>
     <POSITION>0009</POSITION>
     <ROLLNAME>ZRS_3TT_DE_MENGE</ROLLNAME>
     <ADMINFIELD>0</ADMINFIELD>
     <COMPTYPE>E</COMPTYPE>
    </DD03P>
    <DD03P>
     <TABNAME>ZRS_3TT_ABRUFPOS</TABNAME>
     <FIELDNAME>WERT_POSITION</FIELDNAME>
     <POSITION>0010</POSITION>
     <ROLLNAME>ZRS_3TT_DE_WERTPOST</ROLLNAME>
     <ADMINFIELD>0</ADMINFIELD>
     <REFTABLE>ZRS_3TT_ABRUFPOS</REFTABLE>
     <REFFIELD>EINHEIT_WERT</REFFIELD>
     <COMPTYPE>E</COMPTYPE>
    </DD03P>
    <DD03P>
     <TABNAME>ZRS_3TT_ABRUFPOS</TABNAME>
     <FIELDNAME>KOSTEN_POSITION</FIELDNAME>
     <POSITION>0011</POSITION>
     <ROLLNAME>ZRS_3TT_DE_KOSTENPOST</ROLLNAME>
     <ADMINFIELD>0</ADMINFIELD>
     <REFTABLE>ZRS_3TT_ABRUFPOS</REFTABLE>
     <REFFIELD>WAEHRUNG</REFFIELD>
     <COMPTYPE>E</COMPTYPE>
    </DD03P>
    <DD03P>
     <TABNAME>ZRS_3TT_ABRUFPOS</TABNAME>
     <FIELDNAME>WAEHRUNG</FIELDNAME>
     <POSITION>0012</POSITION>
     <ROLLNAME>ZRS_3TT_DE_WAHRUNG</ROLLNAME>
     <ADMINFIELD>0</ADMINFIELD>
     <COMPTYPE>E</COMPTYPE>
    </DD03P>
    <DD03P>
     <TABNAME>ZRS_3TT_ABRUFPOS</TABNAME>
     <FIELDNAME>GEPLANTES_LIEFERDATUM</FIELDNAME>
     <POSITION>0013</POSITION>
     <ROLLNAME>ZRS_3TT_DE_GEPLNLFRDT</ROLLNAME>
     <ADMINFIELD>0</ADMINFIELD>
     <SHLPORIGIN>T</SHLPORIGIN>
     <COMPTYPE>E</COMPTYPE>
    </DD03P>
    <DD03P>
     <TABNAME>ZRS_3TT_ABRUFPOS</TABNAME>
     <FIELDNAME>REALISIERTES_LIEFERDATUM</FIELDNAME>
     <POSITION>0014</POSITION>
     <ROLLNAME>ZRS_3TT_DE_RLSRTSLFRD</ROLLNAME>
     <ADMINFIELD>0</ADMINFIELD>
     <SHLPORIGIN>T</SHLPORIGIN>
     <COMPTYPE>E</COMPTYPE>
    </DD03P>
    <DD03P>
     <TABNAME>ZRS_3TT_ABRUFPOS</TABNAME>
     <FIELDNAME>ABGERECHNET</FIELDNAME>
     <POSITION>0015</POSITION>
     <ROLLNAME>ZRS_3TT_DE_ABGERECHNT</ROLLNAME>
     <ADMINFIELD>0</ADMINFIELD>
     <COMPTYPE>E</COMPTYPE>
    </DD03P>
    <DD03P>
     <TABNAME>ZRS_3TT_ABRUFPOS</TABNAME>
     <FIELDNAME>STORNIERT</FIELDNAME>
     <POSITION>0016</POSITION>
     <ROLLNAME>ZRS_3TT_DE_STORNIERT</ROLLNAME>
     <ADMINFIELD>0</ADMINFIELD>
     <COMPTYPE>E</COMPTYPE>
    </DD03P>
    <DD03P>
     <TABNAME>ZRS_3TT_ABRUFPOS</TABNAME>
     <FIELDNAME>DATUM_STORNO</FIELDNAME>
     <POSITION>0017</POSITION>
     <ROLLNAME>ZRS_3TT_DE_DATSTORNO</ROLLNAME>
     <ADMINFIELD>0</ADMINFIELD>
     <SHLPORIGIN>T</SHLPORIGIN>
     <COMPTYPE>E</COMPTYPE>
    </DD03P>
    <DD03P>
     <TABNAME>ZRS_3TT_ABRUFPOS</TABNAME>
     <FIELDNAME>ABRUFER</FIELDNAME>
     <POSITION>0018</POSITION>
     <ROLLNAME>ZRS_3TT_DE_ABRUFER</ROLLNAME>
     <ADMINFIELD>0</ADMINFIELD>
     <COMPTYPE>E</COMPTYPE>
    </DD03P>
    <DD03P>
     <TABNAME>ZRS_3TT_ABRUFPOS</TABNAME>
     <FIELDNAME>ABRUFDATUM</FIELDNAME>
     <POSITION>0019</POSITION>
     <ROLLNAME>ZRS_3TT_DE_ABRUFDATUM</ROLLNAME>
     <ADMINFIELD>0</ADMINFIELD>
     <SHLPORIGIN>T</SHLPORIGIN>
     <COMPTYPE>E</COMPTYPE>
    </DD03P>
    <DD03P>
     <TABNAME>ZRS_3TT_ABRUFPOS</TABNAME>
     <FIELDNAME>RUECKRUF_DATUM</FIELDNAME>
     <POSITION>0020</POSITION>
     <ROLLNAME>ZRS_3TT_DE_RUCKRUFDAT</ROLLNAME>
     <ADMINFIELD>0</ADMINFIELD>
     <SHLPORIGIN>T</SHLPORIGIN>
     <COMPTYPE>E</COMPTYPE>
    </DD03P>
    <DD03P>
     <TABNAME>ZRS_3TT_ABRUFPOS</TABNAME>
     <FIELDNAME>RUECKRUF_GRUND</FIELDNAME>
     <POSITION>0021</POSITION>
     <ROLLNAME>ZRS_3TT_DE_RUCKRFGRND</ROLLNAME>
     <ADMINFIELD>0</ADMINFIELD>
     <COMPTYPE>E</COMPTYPE>
    </DD03P>
    <DD03P>
     <TABNAME>ZRS_3TT_ABRUFPOS</TABNAME>
     <FIELDNAME>ABNAHME_STATUS</FIELDNAME>
     <POSITION>0022</POSITION>
     <ROLLNAME>ZRS_3TT_DE_ABNHMSTAT</ROLLNAME>
     <ADMINFIELD>0</ADMINFIELD>
     <COMPTYPE>E</COMPTYPE>
    </DD03P>
    <DD03P>
     <TABNAME>ZRS_3TT_ABRUFPOS</TABNAME>
     <FIELDNAME>NOTIZ</FIELDNAME>
     <POSITION>0023</POSITION>
     <ROLLNAME>ZRS_3TT_DE_NOTIZ</ROLLNAME>
     <ADMINFIELD>0</ADMINFIELD>
     <COMPTYPE>E</COMPTYPE>
    </DD03P>
    <DD03P>
     <TABNAME>ZRS_3TT_ABRUFPOS</TABNAME>
     <FIELDNAME>GELOESCHT</FIELDNAME>
     <POSITION>0024</POSITION>
     <ROLLNAME>ZRS_3TT_DE_GELOSCHT</ROLLNAME>
     <ADMINFIELD>0</ADMINFIELD>
     <COMPTYPE>E</COMPTYPE>
    </DD03P>
    <DD03P>
     <TABNAME>ZRS_3TT_ABRUFPOS</TABNAME>
     <FIELDNAME>ATTACHMENT</FIELDNAME>
     <POSITION>0025</POSITION>
     <ROLLNAME>ZRS_3TT_DE_ATTACH</ROLLNAME>
     <ADMINFIELD>0</ADMINFIELD>
     <COMPTYPE>E</COMPTYPE>
    </DD03P>
    <DD03P>
     <TABNAME>ZRS_3TT_ABRUFPOS</TABNAME>
     <FIELDNAME>LASTCHANGEDBY</FIELDNAME>
     <POSITION>0026</POSITION>
     <ROLLNAME>ERNAM</ROLLNAME>
     <ADMINFIELD>0</ADMINFIELD>
     <COMPTYPE>E</COMPTYPE>
    </DD03P>
    <DD03P>
     <TABNAME>ZRS_3TT_ABRUFPOS</TABNAME>
     <FIELDNAME>LASTCHANGEDON</FIELDNAME>
     <POSITION>0027</POSITION>
     <ROLLNAME>TIMESTAMP</ROLLNAME>
     <ADMINFIELD>0</ADMINFIELD>
     <COMPTYPE>E</COMPTYPE>
    </DD03P>
   </DD03P_TABLE>
   <I18N_LANGS>
    <LANGU>D</LANGU>
   </I18N_LANGS>
   <DD02_TEXTS>
    <item>
     <DDLANGUAGE>D</DDLANGUAGE>
     <DDTEXT>Trichtertool: Abruf-Position</DDTEXT>
    </item>
   </DD02_TEXTS>
  </asx:values>
 </asx:abap>
</abapGit>
