﻿<?xml version="1.0" encoding="utf-8"?>
<abapGit version="v1.0.0" serializer="LCL_OBJECT_TABL" serializer_version="v1.0.0">
 <asx:abap xmlns:asx="http://www.sap.com/abapxml" version="1.0">
  <asx:values>
   <DD02V>
    <TABNAME>ZRS_3TT_VORHABEN_S</TABNAME>
    <TABCLASS>INTTAB</TABCLASS>
    <EXCLASS>1</EXCLASS>
   </DD02V>
   <DD03P_TABLE>
    <DD03P>
     <TABNAME>ZRS_3TT_VORHABEN_S</TABNAME>
     <FIELDNAME>MANDT</FIELDNAME>
     <POSITION>0001</POSITION>
     <ROLLNAME>ZRS_3TT_DE_MANDT</ROLLNAME>
     <ADMINFIELD>0</ADMINFIELD>
     <COMPTYPE>E</COMPTYPE>
    </DD03P>
    <DD03P>
     <TABNAME>ZRS_3TT_VORHABEN_S</TABNAME>
     <FIELDNAME>VORHABENSNUMMER</FIELDNAME>
     <POSITION>0002</POSITION>
     <ROLLNAME>ZRS_3TT_DE_VRHBNSNMMR</ROLLNAME>
     <ADMINFIELD>0</ADMINFIELD>
     <COMPTYPE>E</COMPTYPE>
    </DD03P>
    <DD03P>
     <TABNAME>ZRS_3TT_VORHABEN_S</TABNAME>
     <FIELDNAME>PPM_NUMMER</FIELDNAME>
     <POSITION>0003</POSITION>
     <ROLLNAME>ZRS_3TT_DE_PPMNUM</ROLLNAME>
     <ADMINFIELD>0</ADMINFIELD>
     <COMPTYPE>E</COMPTYPE>
    </DD03P>
    <DD03P>
     <TABNAME>ZRS_3TT_VORHABEN_S</TABNAME>
     <FIELDNAME>PROJEKTLEITER</FIELDNAME>
     <POSITION>0004</POSITION>
     <ROLLNAME>ZRS_3TT_DE_PROJEKTLEITER</ROLLNAME>
     <ADMINFIELD>0</ADMINFIELD>
     <COMPTYPE>E</COMPTYPE>
    </DD03P>
    <DD03P>
     <TABNAME>ZRS_3TT_VORHABEN_S</TABNAME>
     <FIELDNAME>STV_PROJEKTLEITER</FIELDNAME>
     <POSITION>0005</POSITION>
     <ROLLNAME>ZRS_3TT_DE_STVPROJEKT</ROLLNAME>
     <ADMINFIELD>0</ADMINFIELD>
     <COMPTYPE>E</COMPTYPE>
    </DD03P>
    <DD03P>
     <TABNAME>ZRS_3TT_VORHABEN_S</TABNAME>
     <FIELDNAME>SOFTWARE_ARCHITEKT</FIELDNAME>
     <POSITION>0006</POSITION>
     <ROLLNAME>ZRS_3TT_DE_SOFTARCH</ROLLNAME>
     <ADMINFIELD>0</ADMINFIELD>
     <COMPTYPE>E</COMPTYPE>
    </DD03P>
    <DD03P>
     <TABNAME>ZRS_3TT_VORHABEN_S</TABNAME>
     <FIELDNAME>STV_SWA</FIELDNAME>
     <POSITION>0007</POSITION>
     <ROLLNAME>ZRS_3TT_DE_STVSWA</ROLLNAME>
     <ADMINFIELD>0</ADMINFIELD>
     <COMPTYPE>E</COMPTYPE>
    </DD03P>
    <DD03P>
     <TABNAME>ZRS_3TT_VORHABEN_S</TABNAME>
     <FIELDNAME>PROJEKT_FORECAST_AW</FIELDNAME>
     <POSITION>0008</POSITION>
     <ROLLNAME>ZRS_3TT_DE_PRJFRCSTAW</ROLLNAME>
     <ADMINFIELD>0</ADMINFIELD>
     <COMPTYPE>E</COMPTYPE>
    </DD03P>
    <DD03P>
     <TABNAME>ZRS_3TT_VORHABEN_S</TABNAME>
     <FIELDNAME>PROJEKT_FORECAST_TP</FIELDNAME>
     <POSITION>0009</POSITION>
     <ROLLNAME>ZRS_3TT_DE_PRJFRCSTTP</ROLLNAME>
     <ADMINFIELD>0</ADMINFIELD>
     <COMPTYPE>E</COMPTYPE>
    </DD03P>
    <DD03P>
     <TABNAME>ZRS_3TT_VORHABEN_S</TABNAME>
     <FIELDNAME>SERVICE_SPOC</FIELDNAME>
     <POSITION>0010</POSITION>
     <ROLLNAME>ZRS_3TT_DE_SVCSPOC</ROLLNAME>
     <ADMINFIELD>0</ADMINFIELD>
     <COMPTYPE>E</COMPTYPE>
    </DD03P>
    <DD03P>
     <TABNAME>ZRS_3TT_VORHABEN_S</TABNAME>
     <FIELDNAME>STV_SSPOC</FIELDNAME>
     <POSITION>0011</POSITION>
     <ROLLNAME>ZRS_3TT_DE_STVSPOC</ROLLNAME>
     <ADMINFIELD>0</ADMINFIELD>
     <COMPTYPE>E</COMPTYPE>
    </DD03P>
    <DD03P>
     <TABNAME>ZRS_3TT_VORHABEN_S</TABNAME>
     <FIELDNAME>FUNKTIONALER_BEREICH</FIELDNAME>
     <POSITION>0012</POSITION>
     <ROLLNAME>ZRS_3TT_DE_FUNKBERCH</ROLLNAME>
     <ADMINFIELD>0</ADMINFIELD>
     <VALEXI>X</VALEXI>
     <SHLPORIGIN>F</SHLPORIGIN>
     <COMPTYPE>E</COMPTYPE>
    </DD03P>
    <DD03P>
     <TABNAME>ZRS_3TT_VORHABEN_S</TABNAME>
     <FIELDNAME>VERRECHNUNGSELEMENT</FIELDNAME>
     <POSITION>0013</POSITION>
     <ROLLNAME>ZRS_3TT_DE_VRCHNGSELM</ROLLNAME>
     <ADMINFIELD>0</ADMINFIELD>
     <COMPTYPE>E</COMPTYPE>
    </DD03P>
    <DD03P>
     <TABNAME>ZRS_3TT_VORHABEN_S</TABNAME>
     <FIELDNAME>TYP_VERRECHNUNGSELEMENT</FIELDNAME>
     <POSITION>0014</POSITION>
     <ROLLNAME>ZRS_3TT_DE_TYPVERCHEL</ROLLNAME>
     <ADMINFIELD>0</ADMINFIELD>
     <VALEXI>X</VALEXI>
     <SHLPORIGIN>F</SHLPORIGIN>
     <COMPTYPE>E</COMPTYPE>
    </DD03P>
    <DD03P>
     <TABNAME>ZRS_3TT_VORHABEN_S</TABNAME>
     <FIELDNAME>PROJEKTBEZEICHNUNG</FIELDNAME>
     <POSITION>0015</POSITION>
     <ROLLNAME>ZRS_3TT_DE_PRJKTBCHNG</ROLLNAME>
     <ADMINFIELD>0</ADMINFIELD>
     <COMPTYPE>E</COMPTYPE>
    </DD03P>
    <DD03P>
     <TABNAME>ZRS_3TT_VORHABEN_S</TABNAME>
     <FIELDNAME>KOMMENTAR</FIELDNAME>
     <POSITION>0016</POSITION>
     <ROLLNAME>ZRS_3TT_DE_KOMMENTAR</ROLLNAME>
     <ADMINFIELD>0</ADMINFIELD>
     <COMPTYPE>E</COMPTYPE>
    </DD03P>
    <DD03P>
     <TABNAME>ZRS_3TT_VORHABEN_S</TABNAME>
     <FIELDNAME>PROJEKT_START</FIELDNAME>
     <POSITION>0017</POSITION>
     <ROLLNAME>ZRS_3TT_DE_PROJSTART</ROLLNAME>
     <ADMINFIELD>0</ADMINFIELD>
     <SHLPORIGIN>T</SHLPORIGIN>
     <COMPTYPE>E</COMPTYPE>
    </DD03P>
    <DD03P>
     <TABNAME>ZRS_3TT_VORHABEN_S</TABNAME>
     <FIELDNAME>PROJEKT_ENDE</FIELDNAME>
     <POSITION>0018</POSITION>
     <ROLLNAME>ZRS_3TT_DE_PROJEND</ROLLNAME>
     <ADMINFIELD>0</ADMINFIELD>
     <SHLPORIGIN>T</SHLPORIGIN>
     <COMPTYPE>E</COMPTYPE>
    </DD03P>
    <DD03P>
     <TABNAME>ZRS_3TT_VORHABEN_S</TABNAME>
     <FIELDNAME>ENTWICKLUNGSSTART</FIELDNAME>
     <POSITION>0019</POSITION>
     <ROLLNAME>ZRS_3TT_DE_ENTWKLNGST</ROLLNAME>
     <ADMINFIELD>0</ADMINFIELD>
     <SHLPORIGIN>T</SHLPORIGIN>
     <COMPTYPE>E</COMPTYPE>
    </DD03P>
    <DD03P>
     <TABNAME>ZRS_3TT_VORHABEN_S</TABNAME>
     <FIELDNAME>STATUS</FIELDNAME>
     <POSITION>0020</POSITION>
     <ROLLNAME>ZRS_3TT_DE_STATUS</ROLLNAME>
     <ADMINFIELD>0</ADMINFIELD>
     <COMPTYPE>E</COMPTYPE>
    </DD03P>
    <DD03P>
     <TABNAME>ZRS_3TT_VORHABEN_S</TABNAME>
     <FIELDNAME>PROJEKTLEITER_T</FIELDNAME>
     <POSITION>0021</POSITION>
     <ROLLNAME>ZRS_3TT_DE_PROJEKTLEITER_T</ROLLNAME>
     <ADMINFIELD>0</ADMINFIELD>
     <COMPTYPE>E</COMPTYPE>
    </DD03P>
    <DD03P>
     <TABNAME>ZRS_3TT_VORHABEN_S</TABNAME>
     <FIELDNAME>STV_PROJEKTLEITER_T</FIELDNAME>
     <POSITION>0022</POSITION>
     <ROLLNAME>ZRS_3TT_DE_STVPROJEKT_T</ROLLNAME>
     <ADMINFIELD>0</ADMINFIELD>
     <COMPTYPE>E</COMPTYPE>
    </DD03P>
    <DD03P>
     <TABNAME>ZRS_3TT_VORHABEN_S</TABNAME>
     <FIELDNAME>SOFTWARE_ARCHITEKT_T</FIELDNAME>
     <POSITION>0023</POSITION>
     <ROLLNAME>ZRS_3TT_DE_SOFTARCH_T</ROLLNAME>
     <ADMINFIELD>0</ADMINFIELD>
     <COMPTYPE>E</COMPTYPE>
    </DD03P>
    <DD03P>
     <TABNAME>ZRS_3TT_VORHABEN_S</TABNAME>
     <FIELDNAME>STV_SWA_T</FIELDNAME>
     <POSITION>0024</POSITION>
     <ROLLNAME>ZRS_3TT_DE_STVSWA_T</ROLLNAME>
     <ADMINFIELD>0</ADMINFIELD>
     <COMPTYPE>E</COMPTYPE>
    </DD03P>
    <DD03P>
     <TABNAME>ZRS_3TT_VORHABEN_S</TABNAME>
     <FIELDNAME>SERVICE_SPOC_T</FIELDNAME>
     <POSITION>0025</POSITION>
     <ROLLNAME>ZRS_3TT_DE_SVCSPOC_T</ROLLNAME>
     <ADMINFIELD>0</ADMINFIELD>
     <COMPTYPE>E</COMPTYPE>
    </DD03P>
    <DD03P>
     <TABNAME>ZRS_3TT_VORHABEN_S</TABNAME>
     <FIELDNAME>STV_SSPOC_T</FIELDNAME>
     <POSITION>0026</POSITION>
     <ROLLNAME>ZRS_3TT_DE_STVSPOC_T</ROLLNAME>
     <ADMINFIELD>0</ADMINFIELD>
     <COMPTYPE>E</COMPTYPE>
    </DD03P>
    <DD03P>
     <TABNAME>ZRS_3TT_VORHABEN_S</TABNAME>
     <FIELDNAME>STATUS_T</FIELDNAME>
     <POSITION>0027</POSITION>
     <ROLLNAME>ZRS_3TT_DE_STATUS_T</ROLLNAME>
     <ADMINFIELD>0</ADMINFIELD>
     <COMPTYPE>E</COMPTYPE>
    </DD03P>
    <DD03P>
     <TABNAME>ZRS_3TT_VORHABEN_S</TABNAME>
     <FIELDNAME>TYP_VERRECHNUNGSELEMENT_T</FIELDNAME>
     <POSITION>0028</POSITION>
     <ROLLNAME>ZRS_3TT_DE_TYPVERCHEL_T</ROLLNAME>
     <ADMINFIELD>0</ADMINFIELD>
     <COMPTYPE>E</COMPTYPE>
    </DD03P>
    <DD03P>
     <TABNAME>ZRS_3TT_VORHABEN_S</TABNAME>
     <FIELDNAME>EDITABLE</FIELDNAME>
     <POSITION>0029</POSITION>
     <ROLLNAME>FLAG</ROLLNAME>
     <ADMINFIELD>0</ADMINFIELD>
     <VALEXI>X</VALEXI>
     <SHLPORIGIN>F</SHLPORIGIN>
     <COMPTYPE>E</COMPTYPE>
    </DD03P>
    <DD03P>
     <TABNAME>ZRS_3TT_VORHABEN_S</TABNAME>
     <FIELDNAME>NOTIFY_PL</FIELDNAME>
     <POSITION>0030</POSITION>
     <ROLLNAME>FLAG</ROLLNAME>
     <ADMINFIELD>0</ADMINFIELD>
     <VALEXI>X</VALEXI>
     <SHLPORIGIN>F</SHLPORIGIN>
     <COMPTYPE>E</COMPTYPE>
    </DD03P>
    <DD03P>
     <TABNAME>ZRS_3TT_VORHABEN_S</TABNAME>
     <FIELDNAME>FORECAST_MAINT</FIELDNAME>
     <POSITION>0031</POSITION>
     <ROLLNAME>FLAG</ROLLNAME>
     <ADMINFIELD>0</ADMINFIELD>
     <VALEXI>X</VALEXI>
     <SHLPORIGIN>F</SHLPORIGIN>
     <COMPTYPE>E</COMPTYPE>
    </DD03P>
   </DD03P_TABLE>
   <I18N_LANGS>
    <LANGU>D</LANGU>
   </I18N_LANGS>
   <DD02_TEXTS>
    <item>
     <DDLANGUAGE>D</DDLANGUAGE>
     <DDTEXT>Trichtertool: Vorhaben</DDTEXT>
    </item>
   </DD02_TEXTS>
  </asx:values>
 </asx:abap>
</abapGit>
