﻿<?xml version="1.0" encoding="utf-8"?>
<abapGit version="v1.0.0" serializer="LCL_OBJECT_DTEL" serializer_version="v1.0.0">
 <asx:abap xmlns:asx="http://www.sap.com/abapxml" version="1.0">
  <asx:values>
   <DD04V>
    <ROLLNAME>ZRS_3TT_DE_KOSTENPOST</ROLLNAME>
    <DDLANGUAGE>E</DDLANGUAGE>
    <HEADLEN>55</HEADLEN>
    <SCRLEN1>10</SCRLEN1>
    <SCRLEN2>20</SCRLEN2>
    <SCRLEN3>40</SCRLEN3>
    <DDTEXT>Cost position</DDTEXT>
    <REPTEXT>Cost position</REPTEXT>
    <SCRTEXT_S>CostPost</SCRTEXT_S>
    <SCRTEXT_M>Cost position</SCRTEXT_M>
    <SCRTEXT_L>Cost position</SCRTEXT_L>
    <DTELMASTER>D</DTELMASTER>
    <DATATYPE>CURR</DATATYPE>
    <LENG>000007</LENG>
    <DECIMALS>000002</DECIMALS>
    <OUTPUTLEN>000009</OUTPUTLEN>
   </DD04V>
   <I18N_LANGS>
    <LANGU>D</LANGU>
   </I18N_LANGS>
   <DD04_TEXTS>
    <item>
     <DDLANGUAGE>D</DDLANGUAGE>
     <DDTEXT>Trichtertool: Kosten Position</DDTEXT>
     <REPTEXT>Kosten Position</REPTEXT>
     <SCRTEXT_S>Kosten Pos</SCRTEXT_S>
     <SCRTEXT_M>Kosten Position</SCRTEXT_M>
     <SCRTEXT_L>Kosten Position</SCRTEXT_L>
    </item>
   </DD04_TEXTS>
  </asx:values>
 </asx:abap>
</abapGit>
