﻿<?xml version="1.0" encoding="utf-8"?>
<abapGit version="v1.0.0" serializer="LCL_OBJECT_VIEW" serializer_version="v1.0.0">
 <asx:abap xmlns:asx="http://www.sap.com/abapxml" version="1.0">
  <asx:values>
   <DD25V>
    <VIEWNAME>ZRS_P_3TT_KATPAR</VIEWNAME>
    <AS4LOCAL>A</AS4LOCAL>
    <AGGTYPE>V</AGGTYPE>
    <ROOTTAB>ZRS_3TT_KATPARAM</ROOTTAB>
    <VIEWCLASS>C</VIEWCLASS>
    <CUSTOMAUTH>C</CUSTOMAUTH>
    <GLOBALFLAG>X</GLOBALFLAG>
   </DD25V>
   <DD26V_TABLE>
    <DD26V>
     <VIEWNAME>ZRS_P_3TT_KATPAR</VIEWNAME>
     <TABNAME>ZRS_3TT_KATPARAM</TABNAME>
     <TABPOS>0001</TABPOS>
     <FORTABNAME>ZRS_3TT_KATPARAM</FORTABNAME>
    </DD26V>
   </DD26V_TABLE>
   <DD27P_TABLE>
    <DD27P>
     <VIEWNAME>ZRS_P_3TT_KATPAR</VIEWNAME>
     <OBJPOS>0001</OBJPOS>
     <DDLANGUAGE>E</DDLANGUAGE>
     <VIEWFIELD>MANDT</VIEWFIELD>
     <TABNAME>ZRS_3TT_KATPARAM</TABNAME>
     <FIELDNAME>MANDT</FIELDNAME>
     <KEYFLAG>X</KEYFLAG>
     <ROLLNAME>ZRS_3TT_DE_MANDT</ROLLNAME>
     <ROLLNAMEVI>ZRS_3TT_DE_MANDT</ROLLNAMEVI>
    </DD27P>
    <DD27P>
     <VIEWNAME>ZRS_P_3TT_KATPAR</VIEWNAME>
     <OBJPOS>0002</OBJPOS>
     <DDLANGUAGE>E</DDLANGUAGE>
     <VIEWFIELD>PARAMETER_NAME</VIEWFIELD>
     <TABNAME>ZRS_3TT_KATPARAM</TABNAME>
     <FIELDNAME>PARAMETER_NAME</FIELDNAME>
     <KEYFLAG>X</KEYFLAG>
     <ROLLNAME>ZRS_3TT_DE_PARAM</ROLLNAME>
     <ROLLNAMEVI>ZRS_3TT_DE_PARAM</ROLLNAMEVI>
    </DD27P>
    <DD27P>
     <VIEWNAME>ZRS_P_3TT_KATPAR</VIEWNAME>
     <OBJPOS>0003</OBJPOS>
     <DDLANGUAGE>E</DDLANGUAGE>
     <VIEWFIELD>PARAMETER_WERT</VIEWFIELD>
     <TABNAME>ZRS_3TT_KATPARAM</TABNAME>
     <FIELDNAME>PARAMETER_WERT</FIELDNAME>
     <ROLLNAME>ZRS_3TT_DE_PARAMWERT</ROLLNAME>
     <ROLLNAMEVI>ZRS_3TT_DE_PARAMWERT</ROLLNAMEVI>
    </DD27P>
   </DD27P_TABLE>
  </asx:values>
 </asx:abap>
</abapGit>
