﻿<?xml version="1.0" encoding="utf-8"?>
<abapGit version="v1.0.0" serializer="LCL_OBJECT_TABL" serializer_version="v1.0.0">
 <asx:abap xmlns:asx="http://www.sap.com/abapxml" version="1.0">
  <asx:values>
   <DD02V>
    <TABNAME>ZRS_3TT_KATPREIS</TABNAME>
    <TABCLASS>TRANSP</TABCLASS>
    <CLIDEP>X</CLIDEP>
    <MAINFLAG>X</MAINFLAG>
    <CONTFLAG>C</CONTFLAG>
    <EXCLASS>1</EXCLASS>
   </DD02V>
   <DD09L>
    <TABNAME>ZRS_3TT_KATPREIS</TABNAME>
    <AS4LOCAL>A</AS4LOCAL>
    <TABKAT>0</TABKAT>
    <TABART>APPL0</TABART>
    <BUFALLOW>N</BUFALLOW>
   </DD09L>
   <DD03P_TABLE>
    <DD03P>
     <TABNAME>ZRS_3TT_KATPREIS</TABNAME>
     <FIELDNAME>MANDT</FIELDNAME>
     <POSITION>0001</POSITION>
     <KEYFLAG>X</KEYFLAG>
     <ROLLNAME>ZRS_3TT_DE_MANDT</ROLLNAME>
     <ADMINFIELD>0</ADMINFIELD>
     <NOTNULL>X</NOTNULL>
     <COMPTYPE>E</COMPTYPE>
    </DD03P>
    <DD03P>
     <TABNAME>ZRS_3TT_KATPREIS</TABNAME>
     <FIELDNAME>EINHEIT</FIELDNAME>
     <POSITION>0002</POSITION>
     <KEYFLAG>X</KEYFLAG>
     <ROLLNAME>ZRS_3TT_DE_EINHEIT</ROLLNAME>
     <ADMINFIELD>0</ADMINFIELD>
     <NOTNULL>X</NOTNULL>
     <COMPTYPE>E</COMPTYPE>
    </DD03P>
    <DD03P>
     <TABNAME>ZRS_3TT_KATPREIS</TABNAME>
     <FIELDNAME>GUELTIG_VON</FIELDNAME>
     <POSITION>0003</POSITION>
     <KEYFLAG>X</KEYFLAG>
     <ROLLNAME>ZRS_3TT_DE_GULTIG_VN</ROLLNAME>
     <ADMINFIELD>0</ADMINFIELD>
     <NOTNULL>X</NOTNULL>
     <SHLPORIGIN>T</SHLPORIGIN>
     <COMPTYPE>E</COMPTYPE>
    </DD03P>
    <DD03P>
     <TABNAME>ZRS_3TT_KATPREIS</TABNAME>
     <FIELDNAME>GUELTIG_BIS</FIELDNAME>
     <POSITION>0004</POSITION>
     <ROLLNAME>ZRS_3TT_DE_GULTIG_BIS</ROLLNAME>
     <ADMINFIELD>0</ADMINFIELD>
     <NOTNULL>X</NOTNULL>
     <SHLPORIGIN>T</SHLPORIGIN>
     <COMPTYPE>E</COMPTYPE>
    </DD03P>
    <DD03P>
     <TABNAME>ZRS_3TT_KATPREIS</TABNAME>
     <FIELDNAME>PREIS</FIELDNAME>
     <POSITION>0005</POSITION>
     <ROLLNAME>ZRS_3TT_DE_PREIS</ROLLNAME>
     <ADMINFIELD>0</ADMINFIELD>
     <REFTABLE>ZRS_3TT_KATPREIS</REFTABLE>
     <REFFIELD>WAEHRUNG</REFFIELD>
     <NOTNULL>X</NOTNULL>
     <COMPTYPE>E</COMPTYPE>
    </DD03P>
    <DD03P>
     <TABNAME>ZRS_3TT_KATPREIS</TABNAME>
     <FIELDNAME>VERTRAGSJAHR</FIELDNAME>
     <POSITION>0006</POSITION>
     <ROLLNAME>ZRS_3TT_DE_VRTRGSJAHR</ROLLNAME>
     <ADMINFIELD>0</ADMINFIELD>
     <COMPTYPE>E</COMPTYPE>
    </DD03P>
    <DD03P>
     <TABNAME>ZRS_3TT_KATPREIS</TABNAME>
     <FIELDNAME>WAEHRUNG</FIELDNAME>
     <POSITION>0007</POSITION>
     <ROLLNAME>ZRS_3TT_DE_WAHRUNG</ROLLNAME>
     <ADMINFIELD>0</ADMINFIELD>
     <NOTNULL>X</NOTNULL>
     <COMPTYPE>E</COMPTYPE>
    </DD03P>
   </DD03P_TABLE>
   <I18N_LANGS>
    <LANGU>D</LANGU>
   </I18N_LANGS>
   <DD02_TEXTS>
    <item>
     <DDLANGUAGE>D</DDLANGUAGE>
     <DDTEXT>Trichtertool: Katalog Preise</DDTEXT>
    </item>
   </DD02_TEXTS>
  </asx:values>
 </asx:abap>
</abapGit>
