﻿<?xml version="1.0" encoding="utf-8"?>
<abapGit version="v1.0.0" serializer="LCL_OBJECT_FUGR" serializer_version="v1.0.0">
 <asx:abap xmlns:asx="http://www.sap.com/abapxml" version="1.0">
  <asx:values>
   <INCLUDES>
    <SOBJ_NAME>LZRS_3_TT_GENERALTOP</SOBJ_NAME>
    <SOBJ_NAME>SAPLZRS_3_TT_GENERAL</SOBJ_NAME>
   </INCLUDES>
   <FUNCTIONS>
    <item>
     <FUNCNAME>Z_RS_3GET_ROLES</FUNCNAME>
     <REMOTE_CALL>R</REMOTE_CALL>
     <IMPORT>
      <RSIMP>
       <PARAMETER>IV_USER</PARAMETER>
       <OPTIONAL>X</OPTIONAL>
       <TYP>UNAME</TYP>
      </RSIMP>
     </IMPORT>
     <EXPORT>
      <RSEXP>
       <PARAMETER>ET_RETURN</PARAMETER>
       <TYP>BAPIRET2_T</TYP>
      </RSEXP>
      <RSEXP>
       <PARAMETER>ET_ROLES</PARAMETER>
       <TYP>ZRS_3TT_UROLES_T</TYP>
      </RSEXP>
     </EXPORT>
     <DOCUMENTATION>
      <RSFDO>
       <PARAMETER>IV_USER</PARAMETER>
       <KIND>P</KIND>
      </RSFDO>
      <RSFDO>
       <PARAMETER>ET_RETURN</PARAMETER>
       <KIND>P</KIND>
      </RSFDO>
      <RSFDO>
       <PARAMETER>ET_ROLES</PARAMETER>
       <KIND>P</KIND>
      </RSFDO>
     </DOCUMENTATION>
    </item>
   </FUNCTIONS>
  </asx:values>
 </asx:abap>
</abapGit>
