﻿<?xml version="1.0" encoding="utf-8"?>
<abapGit version="v1.0.0" serializer="LCL_OBJECT_CLAS" serializer_version="v1.0.0">
 <asx:abap xmlns:asx="http://www.sap.com/abapxml" version="1.0">
  <asx:values>
   <VSEOCLASS>
    <CLSNAME>ZCL_RS_3TRICHTERTOOL_MPC</CLSNAME>
    <LANGU>E</LANGU>
    <DESCRIPT>ZCL_RS_3TRICHTERTOOL_MPC</DESCRIPT>
    <STATE>1</STATE>
    <CLSCCINCL>X</CLSCCINCL>
    <FIXPT>X</FIXPT>
    <UNICODE>X</UNICODE>
   </VSEOCLASS>
   <I18N_TPOOL>
    <item>
     <LANGUAGE>D</LANGUAGE>
    </item>
   </I18N_TPOOL>
   <I18N_LINES>
    <item>
     <LANGUAGE>D</LANGUAGE>
    </item>
   </I18N_LINES>
   <DESCRIPTIONS>
    <SEOCOMPOTX>
     <CLSNAME>ZCL_RS_3TRICHTERTOOL_MPC</CLSNAME>
     <CMPNAME>DEFINE_BENUTZERROLLEN</CMPNAME>
     <LANGU>D</LANGU>
     <DESCRIPT>DEFINE_BENUTZERROLLEN</DESCRIPT>
    </SEOCOMPOTX>
    <SEOCOMPOTX>
     <CLSNAME>ZCL_RS_3TRICHTERTOOL_MPC</CLSNAME>
     <CMPNAME>DEFINE_BENUTZERROLLEN</CMPNAME>
     <LANGU>E</LANGU>
     <DESCRIPT>DEFINE_BENUTZERROLLEN</DESCRIPT>
    </SEOCOMPOTX>
    <SEOCOMPOTX>
     <CLSNAME>ZCL_RS_3TRICHTERTOOL_MPC</CLSNAME>
     <CMPNAME>DEFINE_FUNKTIONSBEREICH</CMPNAME>
     <LANGU>D</LANGU>
     <DESCRIPT>DEFINE_FUNKTIONSBEREICH</DESCRIPT>
    </SEOCOMPOTX>
    <SEOCOMPOTX>
     <CLSNAME>ZCL_RS_3TRICHTERTOOL_MPC</CLSNAME>
     <CMPNAME>DEFINE_FUNKTIONSBEREICH</CMPNAME>
     <LANGU>E</LANGU>
     <DESCRIPT>DEFINE_FUNKTIONSBEREICH</DESCRIPT>
    </SEOCOMPOTX>
    <SEOCOMPOTX>
     <CLSNAME>ZCL_RS_3TRICHTERTOOL_MPC</CLSNAME>
     <CMPNAME>DEFINE_PROJEKTDROPDOWNLISTE</CMPNAME>
     <LANGU>D</LANGU>
     <DESCRIPT>DEFINE_PROJEKTDROPDOWNLISTE</DESCRIPT>
    </SEOCOMPOTX>
    <SEOCOMPOTX>
     <CLSNAME>ZCL_RS_3TRICHTERTOOL_MPC</CLSNAME>
     <CMPNAME>DEFINE_PROJEKTDROPDOWNLISTE</CMPNAME>
     <LANGU>E</LANGU>
     <DESCRIPT>DEFINE_PROJEKTDROPDOWNLISTE</DESCRIPT>
    </SEOCOMPOTX>
    <SEOCOMPOTX>
     <CLSNAME>ZCL_RS_3TRICHTERTOOL_MPC</CLSNAME>
     <CMPNAME>DEFINE_SUCHEBENUTZER</CMPNAME>
     <LANGU>D</LANGU>
     <DESCRIPT>DEFINE_SUCHEBENUTZER</DESCRIPT>
    </SEOCOMPOTX>
    <SEOCOMPOTX>
     <CLSNAME>ZCL_RS_3TRICHTERTOOL_MPC</CLSNAME>
     <CMPNAME>DEFINE_SUCHEBENUTZER</CMPNAME>
     <LANGU>E</LANGU>
     <DESCRIPT>DEFINE_SUCHEBENUTZER</DESCRIPT>
    </SEOCOMPOTX>
    <SEOCOMPOTX>
     <CLSNAME>ZCL_RS_3TRICHTERTOOL_MPC</CLSNAME>
     <CMPNAME>DEFINE_VERRECHNUNGSELEMENTE</CMPNAME>
     <LANGU>D</LANGU>
     <DESCRIPT>DEFINE_VERRECHNUNGSELEMENTE</DESCRIPT>
    </SEOCOMPOTX>
    <SEOCOMPOTX>
     <CLSNAME>ZCL_RS_3TRICHTERTOOL_MPC</CLSNAME>
     <CMPNAME>DEFINE_VORHABEN</CMPNAME>
     <LANGU>D</LANGU>
     <DESCRIPT>DEFINE_VORHABEN</DESCRIPT>
    </SEOCOMPOTX>
    <SEOCOMPOTX>
     <CLSNAME>ZCL_RS_3TRICHTERTOOL_MPC</CLSNAME>
     <CMPNAME>DEFINE_VORHABEN</CMPNAME>
     <LANGU>E</LANGU>
     <DESCRIPT>DEFINE_VORHABEN</DESCRIPT>
    </SEOCOMPOTX>
    <SEOCOMPOTX>
     <CLSNAME>ZCL_RS_3TRICHTERTOOL_MPC</CLSNAME>
     <CMPNAME>DEFINE_ZUORDNUNGVORHABENANWEND</CMPNAME>
     <LANGU>D</LANGU>
     <DESCRIPT>DEFINE_ZUORDNUNGVORHABENANWEND</DESCRIPT>
    </SEOCOMPOTX>
    <SEOCOMPOTX>
     <CLSNAME>ZCL_RS_3TRICHTERTOOL_MPC</CLSNAME>
     <CMPNAME>DEFINE_ZUORDNUNGVORHABENANWEND</CMPNAME>
     <LANGU>E</LANGU>
     <DESCRIPT>DEFINE_ZUORDNUNGVORHABENANWEND</DESCRIPT>
    </SEOCOMPOTX>
    <SEOCOMPOTX>
     <CLSNAME>ZCL_RS_3TRICHTERTOOL_MPC</CLSNAME>
     <CMPNAME>LOAD_TEXT_ELEMENTS</CMPNAME>
     <LANGU>D</LANGU>
     <DESCRIPT>LOAD_TEXT_ELEMENTS</DESCRIPT>
    </SEOCOMPOTX>
    <SEOCOMPOTX>
     <CLSNAME>ZCL_RS_3TRICHTERTOOL_MPC</CLSNAME>
     <CMPNAME>LOAD_TEXT_ELEMENTS</CMPNAME>
     <LANGU>E</LANGU>
     <DESCRIPT>LOAD_TEXT_ELEMENTS</DESCRIPT>
    </SEOCOMPOTX>
   </DESCRIPTIONS>
  </asx:values>
 </asx:abap>
</abapGit>
