﻿<?xml version="1.0" encoding="utf-8"?>
<abapGit version="v1.0.0" serializer="LCL_OBJECT_CLAS" serializer_version="v1.0.0">
 <asx:abap xmlns:asx="http://www.sap.com/abapxml" version="1.0">
  <asx:values>
   <VSEOCLASS>
    <CLSNAME>ZCL_RS_3TRICHTERTOOL_MPC_EXT</CLSNAME>
    <LANGU>E</LANGU>
    <DESCRIPT>ZCL_RS_3TRICHTERTOOL_MPC_EXT</DESCRIPT>
    <STATE>1</STATE>
    <CLSCCINCL>X</CLSCCINCL>
    <FIXPT>X</FIXPT>
    <UNICODE>X</UNICODE>
   </VSEOCLASS>
   <I18N_TPOOL>
    <item>
     <LANGUAGE>D</LANGUAGE>
    </item>
   </I18N_TPOOL>
   <I18N_LINES>
    <item>
     <LANGUAGE>D</LANGUAGE>
    </item>
   </I18N_LINES>
  </asx:values>
 </asx:abap>
</abapGit>
